,title,URL,day,body,"KNU(점수총합, 아주긍정, 긍정, 보통, 부정, 아주부정)",네이버LSTM
0,청담 파인다이닝 도쿄등심에서 이렇게 한우를 드세요,https://blog.naver.com/vivakoreaa?Redirect=Log&logNo=222567417440,3일 전,"청담 파인다이닝 도쿄등심에서 이렇게 한우를 드세요도쿄등심 청담점에 다녀왔습니다.누네안과에서 신랑 라섹상담받고 수술예약 잡은 날 병원서 나오자마자 도쿄등심으로 갔어요! 오!!도쿄등심 청담점은 처음인데 분위기 완전 달라요 허허와인바 같은 분위기!!지점마다 조금씩 다른것이 참 색다르단 말이죠!식기나 테이블도 화산석 스타일  룸이 많이 있는 것 같았고 저는 일반 오픈테이블에 앉았습니다. 신랑이 갑자기 싱글들 소개팅 하러와서 도쿄등심 청담점에서 이런 코스 먹으면 너무 맛있어서 애프터 확률이 올라갈 것 같지 않냐고계속 웃으면서 초딩 질문하고요   우선 오늘 파인다이닝 올 수 있어서 너무 행복하고요 ㅎㅎ오늘 음식을 맛있게 즐겨볼게요!  자 이건 앉자마자 주시는 웰컴드링크입니다.5도 정도 되는 오미자술인데 신랑이 두잔 다 마셨어요.너무 너무 너무 본인스타일이라네요.정말 좋아하길래 깜놀!신랑은 자몽맛도 난다면서 극찬을...     메뉴 필수 확인♡제가 검색해서 찾아볼 때도 메뉴 상세히 찍어서 올려주는걸 좋아하기 때문에 항상 열심히 찍습니다! 트러플계란찜차왕무시같은데 요즘 트러플에 빠져있어서 잘 먹었지요!필라델피아 크림치즈 트러플맛이 그리워요.가이드피셜스페인여행시 필수쇼핑리스트라네요. 한입요리♡도쿄등심에서 한입요리 꽤 여러 종류 먹어보는데  다 괜찮아요.이런 걸 먹으면서 요리사분들이몇번의 테스트를 거칠까 진심 궁금했어요.얼마나 성의 있게 나오는지..먹어봐야 압니다♡ 숙성회라고 신랑이 너무 맛있다고 좋아해요.회 두점!맛도 맛이지만 담음새나 데코구경도 꽤 재미져요 ㅎ  감태에 새우도 꼭 먹고요.도쿄등심에서 감태로 항상 요리를 만들어주셔서 좋아요.요즘 톳을 열심히 먹고 있는데 해초가 몸에 그렇게 좋다네요. 문어요리도 참 좋아해요!살사가 살짝 발라져서 나와요.강하지 않고 식재료맛을 최대한 살린 느낌! 한우 육회도 나오는데 감칠맛이 상당합니다. 소스를 살짝만 더해서 드셔보세요.고기 굵기 식감 빠지는게 없어요.  크림새우고로케도 와사비소스에 찍어서 그런지 하나도 느끼하지 않아요. 와사비소스가 굉장히 맛있어요.이런 소스는 인간적으로 도쿄등심에서 판매 해주셔야 되는거 아닌가!!소스 만드는거 어려워서 사고싶다요.소스 때문에 맛이 확 살아요. 전복 밑에 밥이 있어요.한입에 드세요.전복이 이렇게 쫄깃할수가!  장어 가시 남아있을 수 있으니 조심히 드시라고 하셨어요.매쉬드포테이토랑 먹으니 아주 맛있습니다.  고기가 나왔어요.도쿄등심 고기 퀄리티를 논하면 입이 아픕니다.그저 보기만해도 모두가 알죠♡  가운데 소금과 와사비 살짝 찍어먹는데 고기에 잘 어울리고 반찬 따로 먹어도 맛있어요.믿고 먹는 도쿄등심♡ 특제소스에 고기를 찍어드세요.도쿄등심 청담 파인다이닝으로 퍼펙트 아닙니까 너무 사랑해♡♡  이 파채도 물이 하나도 안생기는 파채라 고기에 같이 먹으면 엄청나게 맛있고요.  다 구워서 접시에 계속 올려주세요.치즈도 한조각씩,버섯이나 마늘, 올리브도 구워서 올려주시는데 꿀맛♡  입에서 금방 녹아요.이렇게 부드러울수가-고기 미쳤어요. 개인접시에 덜어서 먹습니다.이때 부터 신랑이 무슨 말을 했나 기억이 안나요 ㅋㅋㅋ잠시 정신잃음 ㅋㅋㅋ  도쿄등심은 인간적으로 적어도 1년에 한번씩은 가야해요♡제발 어서 가보셔요♡ 고기 다 먹고 나오는 명란 오차즈케 입가심 되면서 맛있고요. 고기 다 구운 무쇠팬에 양파 볶아서 토마토카레에 바로 올려주세요.도쿄등심에서 나 또 이런거 처음먹어보네!왜 매번 색다른 음식으로 저를 홀리는것인가요♡ 마지막 디저트는 언덕위의 소로 마무리♡언덕은 녹차아이스크림이고 소는 양갱입니다 ㅎㅎ  ​도쿄등심 청담점 카톡친구추가 하시고 음료나 와인 한잔 받으세요!저 웰컴드링크가 맛있어서 저걸로 주시면 좋겠다요 ㅎhttp://pf.kakao.com/_KgbPs 도쿄등심ASIAN STEAK HOUSE, 도쿄등심 공식 채널입니다.pf.kakao.com 발렛비는 3천원입니다.계좌이체도 가능합니다♡ 도쿄등심 청담점서울특별시 강남구 도산대로81길 18 지상2층 본 포스팅은 ㈜오픈에서 식사권을 제공받아 솔직하게 작성한 글입니다.​​ ","[10, 3, 7, 0, 1, 1]","0.9869621992111206,"
1,도쿄네일살롱 덕천동 네일에서 겨울 맞이 엘사 그라데이션,https://blog.naver.com/lala1010?Redirect=Log&logNo=222570263460,어제,날씨도 추워졌겠다 오랜만에 너덜너덜해진 열손가락의 꽃단장을 위하여 덕천동 네일로 향했어요.​제 성격은 좀 무심하고 무딘편이라 변화하는 것에 대해 크게 신경을 안쓰거든요?​손톱 역시 그렇게 방치를 했다가 엄마가 제발 좀 가서 새로 하라고ㅋㅋㅋㅋㅋㅋㅋㅋㅋㅋㅋㅋㅋㅋㅋㅋㅋ​정신 차리고 보니 엄청 꼴보기 싫은 지경까지 갔더라고요.​​​ 엄지는 집에서 왠지 제거할 수 있을 것 같은데라며 도전했다가 거의 뭐 엄지 전체가 날라가는 줄 알았습니다 호호 생각보다 강력하군.​한달까지는 그래도 엄청 잘 버텼는데 도쿄살롱네일 사장님 말씀에 의하면 2~3주 간격이 손발톱 건강에도 가장 좋다고 하더라고요.​너무 오래 하고 있으면 숨을 잘 못쉬어서 약해진다는 얘기를 분명 들었는데 기억에서 삭제버린 나^_ㅠ​​​ 저 파츠는 30일이 지난 오늘까지도 굳건히 제 손을 빛내주고 있었어요.​어느 한군데 틈도 없이 아주 꼼꼼하게 붙여주셔서 엄청 오래 가더라고요.​사실은 이제 좀 제발 떨어져라 하는데도 안떨어져 이 찰거머리 가튼ㅋㅋㅋㅋㅋㅋㅋㅋㅋㅋㅋㅋㅋㅋ​저는 개인적으로 짧은 바디를 좋아해서 깎을 수 없는 부분 빼고는 다 바싹 깎아 버렸어요 쿄쿄.​근데 손 관리 받으러 가실 땐 안깎는게 모양 잡기도 편하고 내가 원하는 스타일도 더 다양하게 시도할 수 있다는 점 참고해주세요.​​​ 부산은 아직도 가을가을 하지만 저는 겨울네일을 하러 갈거예요 호호.​​​ 도쿄네일살롱은 덕천 젊음의 거리 쪽에 위치하고 있어서 한눈에 찾을 수 있어요.​혹시나 초행길이라 찾기 어려우신 분은 농협마트 바로 맞은 편에 있답니다.​저기 보이는 라트리헤어도 개인적으로 강추합니다요.​ㅋㅋㅋㅋㅋㅋㅋㅋㅋㅋㅋㅋㅋㅋㅋㅋㅋㅋㅋ심폐소생 불가한 나의 머리털을 기적같이 살려준 실력있는 디자이너 선생님들이 많아요.​​​ 여기로 들어가서 4층으로 올라간 다음 계단을 한번만 더 오르면 5층에 있어요!​생각해보니까 나 오늘 층계 오르기 진짜 많이 했는데 애플워치 왜 14개밖에 안올랐다고 하냐 나의 운동량 어디간겨.​​​ 1층에도 있고 5층에도 있는 저 입간판에는 첫 방문 손님을 위한 이벤트가 적혀 있어요.​여기는 속눈썹 시술도 같이 받을 수 있어서 이샵 저샵 돌아다니지 않고 한큐에 해결이 가능해서 좋더라고요.​처음 오시는 분들은 속눈썹과 젤네일 모두 할인을 받을 수 있으니 참고하시기 바랄게요.​​​ 겨울맞이 네일을 하러 왔지만 오늘 왜이렇게 더운거야... 아웃치​아쉽게도 이시국으로 인해 음료제공은 불가하여 캔디로 떨어진 당이라도 채우며 저의 순서를 기다렸어요.​덕천은 21살때부터 살아서 눈감고도 찾아다니는데 쓸데없이 일찍 옴ㅋㅋㅋㅋㅋㅋㅋㅋㅋㅋㅋㅋㅋㅋㅋㅋ​저는 조금 한가할 것 같은 낮시간대 예약을 했는데 의외로 사람이 많아서 놀랬네요.​연중무휴에 영업시간이 밤 10시까지라 시간을 고를 수 있는 범위가 조금 더 넓다는 점이 아주 마음에 듭니다.​​​  제 손을 보시더니 왜 이제 왔냐고 같이 울어주신 우리 경미쌤ㅋㅋㅋㅋㅋㅋㅋㅋㅋㅋㅋㅋㅋㅋㅋㅋㅋ​정작 당사자는 넘나리 평온한데 시술을 하는 분들을 슬프게 하는 손톱이에요.​​ 와 이때 진짜 희열감 쩔어​코 감기 때문에 입으로만 숨쉬다가 갑분 코가 뻥 뚫린 기분이랄까​​​ 호박시럽 서타일도 정말 만족하면서 지냈는데 이제는 보내줄때가 되었구나 잘가렴.​​​  파츠 다 제거하고 신나가지고 타입랩스에 자랑질 한판을 하였어요.​​​ 짜잔 요게 뭐냐면요 예전에 친구랑 같이 왔을 때 친구만 이걸 가지고 있어서 굉장히 샘났던 넌아세톤이란 말이쥬?​우리가 사용하는 일반적인 아세톤은 엄청 독한 화학성분이 함유되어 있기 때문에 손톱은 물론 사람 몸에도 차곡차곡 쌓여서 안좋다고 하더라고요.​특히나 여성분들은 자궁에 이 화학물질이 쌓여서 임신을 계획하거나 아기를 가진 분들은 제일 먼저 네일관리를 중단하게 되는데요.​이 넌아세톤은 어린아이들도 사용할 수 있을정도로 성분이 순해서 손톱 손상없이 젤을 지워준다고 하니 을매나 좋게유?​​​ 회원권을 가지고 계신분들은 대부분 저렇게 자기만의 병을 하나씩 구매하셔서 놓더라고요.​에헴 저도 좀 이 대열에 합류하겠습니다요.​제가 뭐 관리를 몇번 받아보진 않았지만 안받는 이유 중 하나가 지울 때 손톱이 엄청 아프기 때문인 것도 있거든요.​안그래도 얇은데 종잇장 되는 것 같고 타들어가는 것 같고 막ㅋㅋㅋㅋㅋㅋㅋㅋㅋㅋㅋㅋㅋㅋㅋ​근데 이걸로 지우니까 확실히 그런 건 못느껴서 순간 내 손톱 강해진 줄 착각...^_^​​​ 빨리 빨리 떨어지렴 얼른 겨울네일로 탈바꿈 하고 싶구나.​​​ 저는 아빠를 닮아 워낙에 약한 손톱을 가지고 있어서 이번에 지울 때 아프면 쉬려고 했거든요?​오호 근데 참는거 아니고 진심 안아파서 한번 더 해보기로 했어요 키키.​종류도 디자인도 너무 버라이어티해가지고 엄청 고민하다가 엘사 느낌의 그라데이션을 받았습니다.​사실 이게 또 관리가 쉽더라고요ㅋㅋㅋㅋㅋㅋㅋㅋㅋㅋㅋㅋㅋㅋㅋㅋ​​​ 마지막 마사지를 끝으로 드디어 도쿄네일살롱에서 겨울준비 완료!​​​ 일단 조잡스러운 큐티클이 깔끔하게 사라져서 손이 엄청 깨끗해보이네유.​그리고 피부가 좀 까매서 화이트톤은 별로지 않을까 살짝 고민한 시간이 아까울 정도로 잘 어울렸어요.​크 역시 덕천동 네일은 여기가 와따여라.​​​​ 가기 직전에 손톱을 너무 바짝 깎아버려서 쉐입이 안예쁘게 나오면 어쩌나 싶었거든요?​그래서 약간 길어 보이는 그라데이션을 택한 것도 있는데 훌륭한 선택인 듯.​​​​ 사실 한곳에 오래 앉아있는 건 제 서타일이 아니라 빵댕스에 종기가 날뻔 했지만​그래도 경미쌤이랑 즐겁게 이런저런 이야기 하니까 두시간이 순삭이었어요.​그리고 무엇보다 결과물이 늘 예쁘니까 오랜시간 앉아있어도 참을 수 있음ㅋㅋㅋㅋㅋㅋㅋㅋㅋㅋㅋㅋ​​​  쪼글쳐 앉아서 낙엽이랑도 찍고 지나가다 나무 붙잡고 찍고 아주 난리 부르스타임.​손을 자꾸 저 모양으로 하고 있는 건 펼치니까 고생이란 고생은 내가 다한 느낌이라 다시 조용히 접었어요.​​​ 예전에 파츠 붙이고 남자친구한테 보여줬을 때 손톱에 보석 같은 걸 박는다는게 신기했나봐요.​문화충격이었나ㅋㅋㅋㅋㅋㅋㅋㅋㅋㅋㅋㅋㅋㅋㅋㅋㅋㅋㅋㅋ​그때도 예쁘다고는 했지만 꽤 충격받은 모습을 볼 수있었는데 지금은 찐으로 12월이 벌써 온 것 같다며 엄청 좋아하더라고요.​부산도 올해는 눈 좀 펑펑 내렸으면 좋겠군>_<​​​ 도쿄네일살롱 덕천동 네일에서 겨울 맞이 엘사 그라데이션​전화번호 051-338-6505​주소 부산 북구 덕천1길 13 5층​영업시간 오전11시 ~ 오후10시 (문의 후 방문요망)​ 도쿄네일살롱부산광역시 북구 덕천1길 13 5층도쿄네일살롱  ​ ,"[-1, 5, 4, 1, 5, 5]","0.9783629179000854,"
2,도쿄쇼핑여행. 롤렉스와 에르메스는 신주쿠(新宿)에 다... ,https://blog.naver.com/shoudai?Redirect=Log&logNo=222571207723,5시간 전,"안녕하세요, 도쿄드라이브입니다. 최근 롤렉스나 에르메스의 인기모델들은 정식매장에 가면 찾아볼 수가 없는데요, 그래서 '오픈런'이라는 사회적 현상도 있는 것 같습니다. 도쿄도 한국과 다르지않게 오픈런을 자주 찾아볼 수 있는데요, 시계뿐 아니라 각종 스니커의 한정판, 피규어의 한정판, 게임의 한정판 발매때도 자주보이는 풍경입니다.(와이프피셜로 이런 줄서기 알바도 꽤 일본에서는 정착되어있다고 하네요)​최근에 시계에 관심이 있어서, 정식매장/병행매장 가리지않고 구경을 다니다가 '신주쿠 GMT'라는 매장을 발견했는데요, 신주쿠여서 접근성도 좋을뿐 아니라, 가격도 꽤 훌륭하고, 상품의 갯수와 점포내 분위기도 너무 훌륭한 곳이었습니다. 도쿄쇼핑여행. 오모테산도 힐즈 근처 이시다(ISHIDA)워치에서 한국에서는 볼 수 없는, 일본 시계 트렌드를 살펴보자안녕하세요, 도쿄드라이브입니다. 일본 도쿄에서 쇼핑하기 좋은 동네는 몇군데 있는데요, 긴자(銀座)는 조...m.blog.naver.com  도쿄쇼핑여행.롤렉스와 에르메스는 신주쿠(新宿)에 다 모여있었다GMT신주쿠. 코리안타운 신오쿠보(新大久保) 굽네치킨.일본의 대로변 주차방식신주쿠의 대로변에 위치한 GMT를 가기위해서 대로변 주차를 합니다. 일본은 도로에 주차하는 것은 불법이지만, 이렇게 주차기기가 설치된 장소에 한정해서 1시간/300엔까지 주차가 가능하지요. 1시간이 넘으면 녹색옷을 입은 단속반이 딱지를 배부하러 오기때문에(진짜 귀신같이 옵니다ㅎㅎ) 짧은 용무에만 사용이 가능합니다. 언제 걸어도 흥미로운 가게들이 참 많은 신주쿠. 코로나로 인해서 침체된 시기에 리모델링/재건축을 시도하는 건물이나 가게들도 많이 보입니다. 어찌보면 정착된 상태에서 점점 노후화되던 점포들이 이번 코로나를 통해서, 재점검/물갈이 되는 계기도 되지않았나 생각됩니다. GMT・BRILLER남자와 여자의 시계류, 주얼리류와 가방류까지 폭넓게 취급하고 있는 가게. 나카노 브로드웨이만 유명한줄 알았는데, 신주쿠에 이렇게 큰 규모의 점포가 있다니! 저도 우연히 희귀한 모델을 검색하다가 닿게된 가게입니다. 내부는 화이트컬러에 자유롭게 볼 수 있는 분위기가 좋았습니다. 1층은 만년필류도 판매하고 있었고, 본격적인 물건들은 2층에 전시되어있는 구조. 컬러풀한 에르메스백들에르메스 매장에서는 만나보기 힘든 에르메스의 켈리백 버킨백들이 이곳에 모여있네요. 긴자의 중고샵에서도 자주보이지만, 이곳은 신품+컬러도 다양한 것들을 많이 갖추고 있었습니다. 어쨌든 자주 입고되고 판매되고 하기때문에, 자주 들를 메리트도 있지않나 생각합니다. 하이엔드 워치들스와치그룹의 최고가라인 브랜드, 브레게(BREGUET)는 여성용 모델들도 풍부하게 보였고... 어쨌든 병행제품이기때문에 정식매장보다는 저렴하지요. 매장에서는 찾아볼 수 없는 파텍필립(Patek Phillipe)도 구매가능합니다.(파텍필립 월드타이머는 매장에 비해 프리미엄이 얼마나 붙어있을지 모르겠네요)  오데마피게(Audemars Piguet)나 롤렉스 데이토나의 가장 인기있는 아이스블루 컬러도 당연히 있지요. 어쨌든 프리미엄이 잔뜩 붙어서 보통 사람은 접근하기 힘든 가격대가 되어버렸습니다ㅎㅎ 롤렉스 밭!롤렉스는 말할 것도 없이 무수히 많습니다. 인기가 많은 스포츠스틸 모델들은 연식과 중고/신품, 컨디션에 따라 천차만별의 가격으로 판매중이에요. 와이프랑 이 광경을 보고, '정식 롤렉스매장에서 여기로 다 제품을 옮겨서 프리미엄을 붙여서 파는것 같다ㅎㅎ' 라고 말할 정도로 신기한 광경이었습니다. 서브마리너나 요트마스터, 데이데이트/데이저스트 등등 없는 모델이 없는 느낌이네요. 그랜드세이코(Grand Seiko)의 긴자 한정 모델(블루다이얼)도 여기서 만나볼 수 있었습니다. 제가 이거 한때 관심이 있었는데... 몇점안되는 모델이었기때문에, 긴자에서는 출시되자마자 씨가 말랐고, 이미 프리미엄도 20~30만엔 붙어있는 상태네요. 프랭크뮬러(FRANCK MULLER)남성용은 물론, 여성용 프랭크뮬러(FRANCK MULLER)도 신품과 중고 가리지않고 많이 보였습니다. 워낙에 가격들이 좋다보니... 한번 병행샵을 방문하게되면, 정식매장에서 구매하기는 참 쉽지않게될듯.  로저드뷔(ROGER DUBUIS)로저드뷔(ROGER DUBUIS) 엑스칼리버 에센셜은 꽤 귀한 모델인데... 이렇게 다양한 버전이 모여있었습니다. 이날의 목적은 로저드뷔를 보러온 것이었거든요. 최근에는 정식매장에서 판매가 종료되고(로저드뷔는 전 모델 한정수량), 500만엔 이상의 고가모델들만 취급하고 있어서 이런 병행샵외에는 로저드뷔의 엔트리 모델을 찾아보기 어려워졌습니다. 이날 관심이 있었던 것은 청판의 로저드뷔 엑스칼리버 42. 매장가는 150만엔이 넘는 녀석(+매장에는 이제없음) 한국에서도 인기가 많은 블랑팡(BLANCPAIN)의 피프티 페덤즈(Fifty Fathoms)도 있길래 함께 보기로 했습니다. 둘다 100만엔이 넘는 고가의 시계이지만, 정가에 비해서 30~40% 저렴해진 상태.(블랑팡의 경우 중고여서 더욱 가격이 좋았습니다)  제가 블루시계 덕후이다보니... 둘다 참 너무 맘에 드는 시계였습니다. 지갑만 두둑하면 둘다 샀을텐데, 그 어떤것도 사기 부담스러운 가격이었고...ㅎㅎ 실물을 보면 실망할거라 생각했던 모델들이 실제로봐도 참 멋졌다는 것만 두눈으로 확인하고 갑니다. 와이프는 최근 프랭크뮬러에 관심이 있어서, 롱아일랜드(LONG ISLAND)모델을 함께 살펴보았습니다. 중고긴하지만 상태도 좋았고, 무엇보다 금통모델이 너무 저렴해서 깜놀했지요. 실물을 보러 들렀던 가게인데, 가게 분위기도 좋고 오픈되어 사진도 맘껏찍을 수 있는 열린마인드가 참 맘에 드는 가게였네요. 정식매장에서의 구매도 참 좋지만, 가격을 생각해본다면 이런 전문 병행매장의 메리트는 무시하기 어려운 것은 사실이지요. 최근 시계에 관심을 다시 가지게되면서, 일본의 시계가게들을 많이 돌아보는데, 정식매장과 병행마켓이 잘 형성되어있어서 참 쇼핑하기 좋은 나라라는 생각이 드네요. 신오쿠보 돈키호테고가의 멋진시계들을 많이 보다보니 금방 지쳐버렸고, 신주쿠에서 가까운 신오쿠보(新大久保)로 저녁을 먹고 돌아가기로 합니다. 제가 신오쿠보에 올때마다 자주 이용하는 돈키호테의 주차장. 돈키호테에서 김치 등도 사기 편해서 가끔 이용하지요.  2층에는 코메다 커피도 입점된 곳. 근데 장소가 장소이다보니 청결한 느낌은 적은 곳이 신오쿠보. 그래도 이 거리를 가끔 오게되는 것은 바로 한국적인 분위기이지요. 한국을 자주 가지못하게된 요즘 상황을 미뤄보면 더더욱 이 동네의 매력도가 높아지는 느낌입니다. 어쨌든 한국지방도시의 분위기가 느껴지고, 한국음식도 얼마든지 먹을 수 있는 곳이니까요. 신오쿠보 굽네치킨 오랜만에 한국 치킨이 먹고싶어서 굽네치킨을 찾았습니다. 한국에서는 배달앱으로 주문해서 늘 집에서 먹었는데, 일본에서는 이렇게 가게에 직접 찾아와 먹게되는 경우가 많은듯 하네요. 어딜가도 신오쿠보에서는 K팝스타들의 사진들을 볼 수 있는듯. 어쨌든 요즘은 참 한류컨텐츠의 힘이 느껴지는 시기입니다. 많은 시계들을 보고왔지만, 역시 오메가 스피드마스터만한 시계도 없다는 생각ㅎㅎ 오메가 유저분이라면, 나토스트랩을 꼭 경험해보시길 추천드립니다. 생각보다 가벼워서 편하고, 센스도 폭발하는 느낌. 일본에서 브랜드나 가격에 구애받지않고(마니악한 제품포함해서) 시계취미를 같이 즐길 수 있는 친구가 있으면 좋겠다는 생각이 들었네요. 오랜만의 굽네치킨. 근데, 기대가 컸던 탓인지... 생각보다 맛있지는 않았습니다ㅠ  여기 굽네의 퀄리티가 별로였다기보다는 제 입맛이 변한 것인지도 모르겠다는 생각이 들었네요. 어쨌든 한국치킨은 몇달만에 먹는거였거든요. 어쨌든 잘먹고 갑니다, 신오쿠보에도 한식먹으러 한번씩 들러야겠어요~ 그리고 돌아가는 길에 도쿄 긴자(銀座)의 밤거리. 이제 점점 화려한 거리로 다시 돌아가는 느낌이네요. 신주쿠와 신오쿠보의 이야기를 이것으로 마칩니다. 다음 포스팅에서 또 만나요^^​다른 블로그나 유투브에서 볼 수 없는 도쿄드라이브만의 디테일과 시각을 담은, 일본여행/문화/도쿄생활 이야기는 계속 이어집니다. 매일 방문하셔서, 많은 이야기들을 읽어주세요. 방문에 늘 감사드립니다^^ ","[12, 7, 6, 0, 0, 4]","0.9967319965362549,"
3,[도쿄워홀] D+335 / 여유로운 야스미 / 키치죠지... ,https://blog.naver.com/k_maengsoon?Redirect=Log&logNo=222571365804,2시간 전,2021.11.17 아침 사진이 하나뚜 없ㄴㅔ건강보험 뭐 우편 온거 땜에 일어나서 고구마 까먹고나갈까 말까 고민하다가 1시에 간신히 기어 나왔다...사실 나와서 약간 후회함조금 걸었는데 다리가 넘 아픈거 파핰암턴 꾸역꾸역 키치죠지 오기...원래 카페 먼저 가고싶었는데 넘 늦게 기어나와서 카페 앉아있다가 공원 산책하면 해 다 져 있을거 같아서 해 떠있을 때 공원 산책 먼저​​ 공원 좀 걷다가 앉아서 웹툰보기...여기도 첨왔을 땐 참 좋았는데 이제는 너무 와서 아무 생각이 없음그냥 집 근처 (근처라고 하기엔 걸어서 30분이지만 ㅋ) 에 이렇게 시간 떼울 수 있는 공원이 있어서 좋다... 정도​​ 도쿄도 가을이 오긴 하나봅니다....여기 까지 걸어오면서 와 오늘 개덥네 했는데앉아있으니까 추워짐한 30분 앉아있다가 일어나기​​ 여기 그림 원래 머선 동물들 있지 않았나그림 바꼈당그나저나 여기 카페는 이제 안하는건감아니면 주말에 사람 많을 때만 하나계속 안 열려있는 늒임​​ 날씨가 참 좋은데 해가 빨리지는게 너무 아숩다 ㅜ2시40분인데 벌써 뭔가 저녁같음;오늘 어디 학교에서 뭐 나왔는데 여고생들이 뭔 파일 하나씩 끼고 드글드글했다좋겠다 나도 교복입고싶다​​ 며칠전부터 스벅 모카 마시고싶어서 스벅왔당키치죠지에 그렇게 카페가 많은데 굳이 스벅을 오는 나~ 파핳핳와중에 창가자리가 안 비어있어서 다른 자리 잡아놨는데 계산 줄 서 있는 사이에 빈거그래서 악 빨리! 빨리! 하고 계산 끝나자마자 다시 봤는데 고새 자리 뺐김(? 뿌앵​앉아서 일주일치 밀린 가계부 쓰긔​​ 그러다가 창가 자리 나서 겟 ㅎ딱히 예쁜 뷰는 아니지만 그냥 일단 눈이 시원하자나요...길건너에 저 급식들 이노카시라에서 나온게 틀림없다 윽 왤케 몰려다녀;​참고로 파르코에 있는 스벅인데작년에 워홀 막 왔을때 한참 봤던 트리 또 갖다놨다ㅜ 그때 생각이 막 새록새록 나는구먼....그땐 여기 올 때마다 막 낯설고 신기하고 그랬는데 지금은 너무 고여버렸다...​​ ㅎㅇ이 한국 가고 나니 야스미에 약속도 없고...그동안 너무 싸돌아 다녔더니 이제는 진짜 힘들어서 자꾸 집에서 나오기가 싫은거...ㅋ이대로는 안되겠다 싶어서 야스미에 어디 놀러갈 계획을 짜보자 싶어서 찾아보는데 진짜 이제 딱히 갈데가 없는거 같음 ㅇㅅㅇ와중에 7위에 도쿄도청 전망실 유명한데였냐며... 전혀 몰랐다난 그냥 저기서 백신맞은 기억밖에 없음 ㅋㅅㅋㅅㅋㅋ뷰가 좋긴 하더라 ㅎ​암턴 그래서 도쿄나 도쿄 근교 놀러갈데 좀 추천해 주세요ㅜ ​​ 스벅에도 한 30분 앉아있다가 로프트 구경하러 나옴!원래 같았으면 카페에 한시간 정도 죽치고 앉아있는데 오늘은 늦게 기어 나왔기 때무네~빨리 빨리 움직이긔와중에 로프트 오니까 아주 크리스마스로 난리가 남아 쪼끄만 리스 사다가 어디 달아놓고싶다... 너무 귀여워...한국이었으면 샀다여기는 어차피 비워줘야 되니까 저런 이쁜 쓰레기는 차마 못사겠음​​ 스티커도 진짜 너무 귀엽다 파핰스티커는 나중에 한 장 살까ㅎ​​ 아니 로프트 오랜만에 오니까 귀여운게 너무 많은 거시에요....이게 진짜 뭡니까.... 너무 귀여워서 환장초록색 너굴이나 흰색 K.K. 사고싶다근데 저거 이미 쓰고 있는거 있어서 또 못사겠음 ㅜ 약간 돈지랄 같아서....아니야 그래도 (아마) 일본에서만 살 수 있는건데 그냥 살까...​​ 하... 이것도 진짜 ㄱ너무 귀엽다...역시 제트스트림 3색도 이미 가지고 있음 ㅜ 그치만... 폼폼푸린은 없는걸...ㅜ 살까...? 도토루 들고 다닐까....?이것도 좀 더 고민...​​ 귀여운 고앵이 메모지 ㅎㅅㅎ이거 말고도 진짜 왠일로 귀여운 스티커 메모지 마스킹테이프 겁나 많았는데 꾹 참고 다이어리랑 샤프심만 사서 나왔다...다음에 오면 저중에 하나라도 꼭 사야지...진짜 나는 문방구가 너무 좋아....​와중에 다이어리는 진짜 맘에 드는거 없어서 그냥 내지가 제일 맘에드는 무지 다이어리로 삼...^^고앵이 메모지 뒤로 보이는 저거 맞아요..^^​​ 하 진짜 미쳥~~온 길바닥이 이렇게 반짝 반짝 했다.... 진짜 최고얌...일루미네이션도 보러 가야 되는데~~누가 그랬지 이쿠쨩이 그랬나 미카쨩이 그랬나 에비스가 일루미로 유명하다고 했음맞나 아닌가 에비스 아니었나​​ 드럭스토어에서 바디워시 사고 세이유에서 장보고 집가는길...길건널려고 신호 기다리는데 눈 띠용함비비큐요...????????????????ㅜㅜㅜㅜㅜㅜㅜㅜㅜㅜㅜㅜㅜㅜㅜㅜㅜㅜㅜㅜ이제 나도 치킨 먹을 수 있어ㅜㅜ아니 샹 그렇지 않아도 오늘 치킨 먹고싶어서 우버 보다가 닭 한마리에 3만원 하는거 보고 현타와서 포기하고 고구마 씹은건데저것도 비싸겠지만 그래도 우버보단 싸게 먹을 수 있으니 와서 포장해다가 먹어야지 ㅜ 엉엉 신난다......​​ 달이 잘 보이길래 찍어봄 ㅎ원래 구름도 주변에 이쁘게 있었는데 구름은 하나도 안나온다 ㅋㅅㅋ최선을 다해서 찍은게 이거 ㅎㅋㅋ약간 사진 찍을 때마다 느끼는건데 다음엔 무거워 디져도 프로 살거임 ㅎ작고 가볍다 말고 장점이 없는 미니 ㅎㅎ​​ 오늘 저녁은 소고기~~~~ 얄루~~~소고기 진짜 언제 마지막으로 먹었더라... 기억도 안남....극강의 가성비충 거지 자취러는 소고기는 먹기 힘들어요...사실 이것도 싼건 아니었는데 그냥 큰맘 먹고 삼오랜만에 먹으니까 너무 맛있다 하 나름 다이어트 중이라고 밥은 안먹음 ^^밥 과자 빼고는 다 처먹는듯 ㅋ 노양심 ㅎ 그래도 먹는 양 많이 줄임 ㅜㅜ배 안고파도 먹고싶으면 먹어야 하는거 진짜 고쳐야함...​아 요즘 와이파이 너무 느려 터져서 존나 빡친다 개 자주 끊기고 존나 쳐 느림 애지간히 하세요 아이비디오​​ ,"[1, 6, 1, 0, 6, 3]","0.09489243477582932,"
4,『광교 소고기 맛집』도쿄등심 광교점-디너 스페셜 A코스 2인,https://blog.naver.com/kazuyyy?Redirect=Log&logNo=222568490278,2일 전,"곧 다가올 와이프님과의 5주년 결혼기념일.​포근한 주말을 맞이하여 분당에서 광교앨리웨이로 데이트 나옵니더.바로 앞에 광교호수공원도 있어서 콧바람 쐬고 맛있는거 먹으러 오면 딱인 코스.​광교앨리웨이 오면 도쿄등심 들려야쥬.벌써 한 3,4번째 방문인데우리가족 기념일때 광교 오면 꼭 찾는곳.광교앨리웨이 주차장에 주차하고4시간 무료 후 10분당 1,000원 이어유. 일요일 저녁타임으로 예약하고 입장.​37개월 딸랑구 지아킴 도쿄등심 모델 시켜주이소.ㅋㅋㅋ   헛탕 안치려면 주말에는 예약필수데이.광교 소고기 맛집으로 유명하니깐유. Previous imageNext image 도쿄등심 메뉴판.​디너 스페셜 A코스 2인주문.​ 첫번째 코스요리.(3가지 한입요리)​ 연어,육회,전복 순으로 맛있게 즐겨주면 됨.플레이팅이 너무 예뻐서 저절로 사진을 찍게되유.​예쁜만큼 맛도 각각 개성을 맛있게 뽐낸데이.​ 두번째 코스요리(황태 누룽지죽)​ 개인적으로 황태 엄청 좋아하는데,입안에서 졸깃졸깃 씹히는 식감과 황태 특유의 풍미가 참 맛있었던 녀석.​ 세번째 코스요리.(크림 새우고로케)​ 뜨거우니 입천장 주의.반으로 살포시 가르면 부드러운 감자와 새우살이 나온데이.​특제 와사비소스에 푸욱 찍어드슈.맛있다 소리 저절로 튀어 나올꺼유.ㅋㅋㅋ​ 네번째 코스요리.(그라니테)​ 그라니테가 뭔가 했드만 샤벳이데이.​바로 다음 코스가 스키야키라서한번 입가심하는 코스.​상콤한 그라니테로 입맛을 돋구기에 굳.​ 다섯번째 코스요리.(한우등심 스키야키)​ 영롱한 마블링의 자태를 뽐내며등장하는 한우등심.​살짝 밑간되어서 나오네유.그냥 생고기로 참기름장에 찍어 묵어도맛있을 퀄리티.​ 스키야키랑 곁들일 각종 채소들과무항생제 달걀 등장.​달걀 노른자가 쫀쪽하니 컨디션 좋네유.​  먼저 한우등심을 살짝 구워 주신데이.​ 특제 간장소스를 붓고 맛있게 구워주심.아따야 고기 두께며 소스를 머금은한우등심 감칠맛 죽인데이.​일단 도톰한 식감이 굳.37개월 딸랑구 지아킴에게 나의 몫을 나눠줌.​어찌나 잘 묵던지.​ 무항생제 달걀 푼거에다가 푸욱 적셔 묵기.달걀 노른자의 단맛이 입안가득 느껴집니더.​크흐,,맛깔집니데이. 불판위에 채소들 가지런히 세팅 해주시고본격적으로 스키야키를 만들어 주신데이.​ 스키야키 오래간만에 묵어보는데도쿄등심 스키야키도 참 잘하네잉.광교 소고기 맛집이라 다 맛있음.​고급진 단맛과 신선한 채소,고기의콜라보가 젓가락질을 멈출수 없게 만드네유.​참말로 맛있어유. 여섯번째 코스요리.(한우 미역국)​ 딸랑구 미역국까지 챙겨 주시는 센스에감사함을 다시 한번더 표합니데이.​유아동반 시, 친환경 유아식기로 유명한 브랜드 '실리만'의 아기 식기가 제공되고 서비스도 좋아유.​한우 미역국 말하믄 뭐합니꺼.당연히 든든하이 맛나쥬.​ 김치까지 같이 곁들여서 묵으면뭐 배가 든든하게 채워 진데이.​ 일곱번째 코스요리.(아이스크림 디저트)​ 이쁜 식용꽃이 데코로 올라간 아이스크림고소달달한 토핑까지 같이 곁들이면마무리가 완벽해짐.​딸랑구꺼까지 3개 나왔는데지아킴이 너무 잘 먹어서 한입 맛만 보고 내꺼까지 다 줌.ㅋㅋㅋㅋ아빠의 마음이다.​ 미리 5주년 결혼기념일 저녁외식뭐 이정도면 훌륭한 식사한끼였데이.​도쿄등심 오면 광교 소고기 한우구이 코스요리를 많이 즐겼었는데,이젠 한우스키야키 코스요리에도눈을 뜨게 되서리 담번에 오면메뉴정하는데 선택장애가 오게 될지도.ㅋㅋㅋ도쿄등심 카톡 채널링크 : http://pf.kakao.com/_KgbPs       혜택 - 음료 or 와인 1잔 제공 되니깐 꼭 하시길. 도쿄등심 광교점경기도 수원시 영통구 광교호수공원로 80 광교앨리웨이 3층 310호, 광교앨리웨이 3층 310호에 위치하고 있습니다.  전화번호 📞 031-214-8324​'본 포스팅은 ㈜오픈에서 식사권을 제공받아 솔직하게 작성한 글입니다'​ ","[13, 5, 5, 0, 2, 0]","0.9861435890197754,"
5,"[도쿄 워홀]D+300 와 300일! 탈리즈 오픈, 우에노, 고흐전 관람",https://blog.naver.com/dlawlals87?Redirect=Log&logNo=222570193581,어제,"와 나 300일이나 여기에 살았네..3일째랑 30일째 되는 날엔 뭘 했지...?기억도 안나누ㅋㅎ​ ㅠㅠㅠㅠ힝 이제 집 나서서 전철 내릴때까지 쭉 어둑어둑하다ㅠㅠㅠㅠㅠㅠ 그래도 신주쿠 히가시구치쪽 지나면 어슴푸레 밝아지긴 하는데 그래두 아쉬워ㅠ해도 넘 빨리 진단말야ㅠㅠㅠㅜ 오늘의 오픈멤버는 나츠코 타이키 지민!오억년만이다..사원 없는 오픈...!!! 낫쨩이랑 타이키랑 하루종일 떠들다 히루피크 지나고 후딱 퇴근쓰~나 왜 이틀 연속 오픈 노힌에 점심피크 바리냐 ㅡㅡ 점심으로는 파프리카랑 두부랑 계란 뇸.파프리카 돈키에서 세일하는거 산건데 마쉿당 호로록 우에노로 워프 이제 여기도 가을이 완연하구나😊고흐를 떠오르게 하는 예쁜 노랑으로 물든 단풍들🥺노란 낙엽과 파란 하늘..딱 고흐전을 위한 날씨🥺 튈르리 정원, 콩고르드 광장 안부럽네유~^^ 도쿄도미술관 도착!!!전시 규모는 꽤 컸다!!그 전 고흐 전시회에서는 못봤던 고흐 초기 소묘 그림들도 잔뜩 있었다🥺🥺🥺​특히 기억나는건 감자 먹는 사람들...이거 실물 그림으로 처음 보는건데보자마자 가슴속에서 찌잉..하고 올라오더니어느새 궁상맞게 눈에서 눈물이 쥬륵 하고 흘렀음..^^이런건줄 알았으면 손수건 챙겼지....​전시회 그림들 중 가장 시간 오래 들여 본 그림..🥺고흐의 그림들은 사람냄새가 가득해서 좋다🥺적어도 고흐 그림 속 사람들의 마음은 어딘가 공감할수가 있어서🥺🥺🥺​감자 먹는 사람들을 봐 이 손을 봐작고 초라한 집 꺼질듯한 불빛 아래서감자를 먹고 있는 자신의 인생을 꼭 닮은 손거칠고 투박하지만자신의 땀으로 캐고 땅에서 얻은그 결실을 먹는 손 그게 내 그림이 말하려는 것​엉엉..그리고 또 하나!밤의 프로방스 시골길! 요거!정말 500미터 밖에서 봐도 고흐!!!!!라고 자기주장중..사이프러스와 고흐는 증말 뗄레야 뗄 수 없지🥺테오에게 보낸 편지에서도 사이프러스 사랑이 각별했었으니 끌끌.애정 담긴 피사체라는게 저런 너낌인건가🥺​입장료 하나도 안아까워 진짜..전시 끝나기 전에 서둘러 또 가야지🥺🥺🥺 전시 보고 나오니 어느새 어둑어둑 걸어서 우에노역까지!!저녁 우에노 처음 와보는데 반짝반짝 이쁘다아 아메요코도 구경해주고 고흐 오에스티 들으며 집 귀환!!알차게 보낸 300일이었다!!!히히히내일두 탈리즈 가네..^^내일은 치아키 지민 타쿠야~~보나마나 내가 노힌이겠지 샹​++인생이 충동질뿐이지만그 충동질중에서도 칭찬하고 싶은거 딱 하나.고흐형제 무덤 보겠다고 프랑스 시골 구석탱이까지 간 것...​<임지민이 프랑스에 간다>이런 말 내 사전에 없었는뎈ㅋㅋㅋㅋㅋ심지어 프랑스어도 전혀 모르고 관심도 없곸ㅋㅋㅋㅋ어차피 내 비자는 오스트리아 비자니까그대로 비엔나에서 귀국해야징^^ 이 생각뿐이었는뎈ㅋㅋ정신차려보니 나는 이미 샤를드골공항에서 쉥겐존 출구로 나오고 있을 뿐이고...ㅎ.....유럽이 이건 참 조아요...쉥겐...ㅎ.....​아무튼 이게 중요한게 아냐.아니 파리에서 진짜 전철 네번인가 환승한 것 같은데가도가도 끝이 없더라구요...^^여러분 제발 오베르 가시려거든 버스투어같은거 꼭...전철..넘..비추...그리고 파리 북역 줠라무서웡.......ㅠ 하지만 나는 또 가라면 갈 수 있을 정도로오베르와 사랑에 빠져버렸지🥺극악무도한 유럽의 겨울날씨 속에서도유일하게 맑았던 2월의 오베르. 그가 여기에 살았었다 기억되도록​​증말 오직 고흐만 생각하고 간거라... 파리에서 아ㅏㅏㅏ무것도 안했는데 마레지구에서 아페쎄 티샤쓰는 사올걸 ㅋ오베르 외에 정신 바짝 차리고 돌아다닌 곳은샤를드골공항뿐임ㅋㅋㅋㅋㅋㅋㅋㅋㅋㅋㅋㅋㅋㅋ​아..하나 더...몽마르뜨 언덕 근처에 고흐 동생 테오가 살던 집이 있어서 그거 보러 간 김에 바게뜨 먹음 ㅎㅎ ㅋㅋㅋㅋㅋㅋㅋ심지어 파리에서 한식만 쳐먹음ㅋㅋㅋㅋㅋㅋㅋㅋㅋㅋㅋ 무튼 이 날 하늘도 눈부시게 파랬더랬지...​오늘로서 확실해졌다​나는 내년에 무.조.건 독일 가야해약간 전략적 요충지 느낌으루다가^^아를도 가고 생레미도 가야 하고네덜란드 고흐뮤지엄도 가야 하고 바쁘다 바빠~독일이 젤 물가가 싸니까..ㅋ사는건 독일에서 살게요..ㅋ..(사실 독일어만 가능해서임)​워홀일긴지 여행일긴지...무튼 이만 다들 안뇽~​#도쿄워홀 #도쿄워킹홀리데이 #일본워홀 #일본워킹홀리데이 ","[1, 2, 2, 0, 3, 1]","0.3790263533592224,"
6,선릉역 소고기 맛집 도쿄등심선릉점,https://blog.naver.com/0610_cth?Redirect=Log&logNo=222568052640,3일 전,"선릉역 소고기 맛집 도쿄등심선릉점 와이프와 함께 코엑스 전시보고 맛있는 소고기 먹으러 #선릉역소고기 맛집 도쿄등심선릉점에 방문했어요 도쿄등심 선릉점서울특별시 강남구 테헤란로 337 화남빌딩 14층 도쿄등심 도쿄등심 선릉점 위치서울특별시 강남구 테헤란로 337 화남빌딩 14층  도쿄등심 선릉점 전화번호 02-552-2260미리 전화로 테헤란로 전망이 내려다보이는 테이블로 예약하시길 추천드려요  도쿄등심 선릉점 주차화남타워 주차장 2시간 무료에요 (발렛비 2000원 별도)선릉역 7번출구 바로 앞에 있어서 주차타워 들어가실때 지나치지 않게 주의하세요 #도쿄등심선릉점 입구 선릉역 바로 앞에 위치해있어서#선릉역점심 식사하러 오기에도 좋을것 같아요 화려한 조명이 도쿄등심선릉점 내부를 밝혀주고 있었어요  한 쪽 벽면에 와인병으로 이렇게 인테리어 돼있어서 멋지더라구요 도쿄등심선릉점이 다른 매장보다 더욱 좋은 이유!바로바로 테헤란로가 보이는 고층에서 도심뷰를 즐길 수 있어섭니다! 특별한 날 분위기를 내기 위해 연인끼리 와도 좋을 것 같고중요한 고객에게 대접하거나 #선릉회식장소 로도 정말 좋은 곳 같아요 도쿄등심선릉점은 복층으로 구성돼있는데가운데 공간이 뚫려있어서 답답하지 않고 개방감이 좋아서 더욱 분위기가 좋은 것 같았어요조명이 약간 도쿄등심선릉점의 시그니처 느낌!  복층에도 이렇게 테헤란로를 내려다볼 수 있게 테이블이 배치돼있어서 분위기가 너무 좋을 것 같죠? 저희가 앉은 테이블 쪽에는 이렇게 옷을 걸 수 있는 옷장도 있어서겨울철 긴 코트를 입고 와도 불편하지 않게 이용할 수 있을 것 같더라구요  #도쿄등심 이 좋은 점은 #콜키지프리 에요#선릉역콜키지프리 매장 찾으신다면 도쿄등심선릉점이 좋겠죠?  도쿄등심선릉점 런치메뉴#선릉역점심 중요한 손님 접대하기에도 좋을 것 같아요샤브샤브 스키야키 한우구이 등 다양한 메뉴로 선택할 수 있어서 좋더라구요  도쿄등심선릉점 디너메뉴   단품메뉴도 있어서 더 먹고 싶은 메뉴는 추가해서 먹을 수 있겠더라구요  도쿄등심선릉점 주류 라인업소주부터 와인까지 다양하게 있어서 선택의 폭이 넓었어요 도쿄등심ASIAN STEAK HOUSE, 도쿄등심 공식 채널입니다.pf.kakao.com 그리고 지금 도쿄등심 카카오톡채널 추가하시면 음료 또는 와인 1잔 제공중이니 혜택 놓치지 마세요! 그리고 이렇게 기름이 튈까봐 앞치마까지 세심하게 챙겨주셔서 너무 좋았어요 저희는 도쿄등심선릉점 디너B코스를 먹게 되었어요3가지 츠마미부터 먼저 나왔습니다  누룩에 절인 연어타르타르소스를 얹은 감태튀김 육회발사믹소스를 곁들인 관자토마토​소고기 먹기 전에 에피타이저로 좋더라구요 플레이팅 너무 이쁜 음식들이 나와 신난 와잎님매장 내부도 고급스럽고 분위기 있어서 사진찍기에도 좋았어요 64도 온센 타마고와 쯔쿠네  계란 터트려서 쪽파랑 같이 비빈 후 찍어 먹으니 너무 맛있었어요 크림 새우 고로케겉바속촉의 진수! 새우가 들어가 있는데 크림소스와 너무 잘 어우러져서 맛있더라구요거기에 와사비마요소스 찍어먹으면 말모! 무시아와비와 고사리, 게우소스 큼지막한 전복 아래 고사리가 깔려있었는데 정말 특별한 맛이었어요플레이팅을 위해 식용꽃을 얹어서 마무리  그리고 오늘의 메인 하이라이트숙성한우구이 임실치즈​살치살 안심 등심이 나왔어요 한우랑 같이 먹으면 너무 맛있는 새콤달콤한 파채 고기와 함께 먹기 좋은 밑반찬들고급스러운 접시에 나오니 더욱 먹음직스러워보이더라구요 테헤란로 배경으로 도쿄등심 한우 찰칵!  정말 친절하셨던 매니저님께서 직접 구워주시니 좋았어요살치살부터 시작! 임실치즈까지 구우니 진짜 보기만해도 먹음직스럽더라구요 살치살로 시작!  이어서 안심과 등심!  올리브도 같이 구워주시는거 처음 봤어요 굳 와이프가 숙주나물 다 먹었는데...말씀드리지도 않았는데 담당매니저님께서 작은 그릇에 담아와주셨어요친절 센스 최고! 남이 구워주는 고기가 정말 맛있잖아요선호하는 고기굽기까지 물어봐주셔서미디움이라고 말씀드리니 질기지 않게 딱 구워주시더라구요 큐브사이즈로 잘라주시니 한입에 먹기 딱 좋더라구요플레이팅까지 예쁘게 해주셨어요역시 예쁜게 맛도 좋죠? 적당히 익혀주신 안심질기지 않고 육즙을 그대로 즐길 수 있어서 좋았어요 등심은 달콤한 야키니꾸소스에 찍어먹으니 너무 맛있더라구요 그리고 한우를 거의 다 먹어갈떄쯤매니저님께서 시간 딱 맞춰서 한우미역국을 내어주셨어요 한우 듬뿍 들어간 한우미역국까지정말 배부르게 먹을 수 있었어요 디저트 라즈베리잼과 치즈케이크의 조화가 훌륭했던 디저트였어요​위드코로나 시행되면서 연말에 회식들 많이 계획중이실텐데#선릉역소고기 #선릉역맛집 찾고 계신다면테헤란로뷰를 즐기면서 맛있는 한우를 먹을 수 있는 #도쿄등심선릉점 추천드립니다!​​본 포스팅은 ㈜오픈에서 식사권을 제공받아 솔직하게 작성한 글입니다 ","[42, 16, 10, 0, 0, 0]","0.9931229948997498,"
7,[숙대맛집] 작은도쿄 일본식 튀김덮밥 텐동 존맛탱!!,https://blog.naver.com/5jinhwa?Redirect=Log&logNo=222568101226,3일 전,"작은도쿄평일 11:30~21:00브레이크타임 15:00~17:00토일,공휴일 휴무숙대입구역 근처에늘 웨이팅이 있는 맛집!!​작은도쿄에 다녀왔어용 ◡̈ ​일반적인 식당과는 달리주말에는 문을 열지 않기 때문에평일에 가야해요 ㅎㅎㅎ​  ​브레이크타임이 끝나는 17시!​저희가 갔을 때 오후5시가 살짝 넘은 시간이었는데벌써 꽉 찼더라구요 ㅎㅎㅎ​그래도 웨이팅 1팀이 있어서10분? 정도 기다리다가 바로 앉았습니당!​  ​가게가 좁아서바(bar) 형태의 좌석만 있고,그래서 혼밥하는 분들도 많아보였어요!​오픈키친 형태로앞에서 요리하는 과정을 다 볼 수 있어서뭔가 더 기대되고 재밌었던 것 같아요 ㅎㅎㅎ​아무래도 3~4명 이상은같이 앉기는 쪼금 어려울수도 ㅎㅎㅎ​ ​메뉴는 딱네가지 종류의 텐동 메뉴!​저희는 장어를 별로 좋아하지 않아서작은도쿄텐동 2개 주문했어용​그리고 밥과 비벼먹을 온천계란튀김도 추가!!​  ​기본적으로 제공되는대파와 무채피클!​대파를 원하는 만큼 추가해서 밥과 비벼먹으면 꿀맛!​특히 저 무채피클이 정말 맛있었어요~~​아무래도 튀김이 올라가니까느끼할 수 있는데무채피클과 함께 먹으면 싹 입가심 되는 느낌!​  ​텐동이 나오기 전에 접시에 무채피클을 담아주고~​일식에 빠지면 섭섭한 장국!​  ​크으~갓 튀겨나온 작은도쿄텐동!​이름은 작은도쿄텐동인데 전혀 안작아요 ㅋㅋㅋ​ ​새우2, 오징어, 연근, 단호박, 꽈리고추, 버섯, 김​여러가지 튀김이 잔뜩 올려진푸짐하고 맛깔스러운 비쥬얼♥​ ​진짜 먹음직스럽죠 ㅎㅎㅎ​뭐부터 먹어야할지 행복한 기분!​또 먹고싶당...!!​ ​온천계란튀김은얇게 튀겨진 반숙계란인데정말 몽글몽글하니 부드러워서 밥과 슥슥 비벼 먹으면천국의 맛 >.<​ ​기본간장소스 자체가 워낙 맛있어서밥에 계란만 비벼먹어도 맛있을 듯 ㅋㅋㅋ ​ ​요렇게 대파를 얹어서 간장소스와 계란과 비벼먹고~​튀김한입씩 하면저절로 웃음이 나오는 맛이에요ㅎㅎㅎ​간장소스가 뿌려져있는데어찌나 바삭바삭한지!​튀김옷도 얇고, 재료 본연의 맛도 살아있어서정말 맛있었던 것 같아요 ㅠ,ㅠ​특히 평소에 연근을 좋아하지 않는데아삭아삭한 연근튀김이 정말 존맛탱이었어요~​재방문 의사 100%작은도쿄!​ 작은도쿄서울특별시 용산구 청파로 271 1층 ","[2, 1, 1, 0, 1, 0]","0.3534225821495056,"
8,도곡동 맛집 분위기 끝판왕 도쿄등심 도곡점,https://blog.naver.com/jjjadeland?Redirect=Log&logNo=222549210590,2021.10.26.,"도곡동 맛집 분위기 끝판왕 도쿄등심 도곡점​​​ ​​*  안녕하세요 제이드입니다. 지난주에 저녁 약속이 있어 도곡동까지 다녀왔어요. 오랜만에 만난 지인이랑 같이 저녁을 먹으려고 근처 #도곡동맛집 찾아보니 역시 믿고 먹는 #도쿄등심 이 있더라고요! 오 잘됐다 하고 지인에게도 소개시켜 줄 겸~ #도쿄등심도곡점 으로 향했답니다 :) ​​​​​ ​​​초록초록 분위기 정말 끝판왕이었던 도쿄등심 도곡점. 요즘 제가 초록색에 좀 꽂혀서 뭘 막 사고 있는 중인데요 ㅎㅎㅎ 마침 저녁 먹으러 간 도곡동맛집도 초록의 분위기 속에서 기분좋게 먹을 수 있어서 정말 행복했어요~ ​저녁이니까 디너세트로 먹으면 되겠다 싶어서 디너 스페셜 B코스를 주문했답니다 :)  ​​​ ​​​가장 먼저 나온 애피타이저는 3가지 한입요리예요. 연어, 육회, 전복 순서로 맛을 보는데 그냥 봐도 알 수 있듯이 하나하나 세심하게 정성을 다한 음식이라는게 느껴지죠?! ​​​​  ​​​향이 좋았던 연어, 고소한 식감의 육회, 쫄깃쫄깃 전복까지 차례로 맛을 음미하며 즐겼답니다 :) ​​​​​ ​​​먹는 속도에 맞춰서 다음 요리들이 차례로 등장을 했는데요. 다음으로 나온 것은 한우 카르파쵸. 색깔도 색깔이지만 입에 넣었을 때 맛과 향이 캬~ 신선한 야채와 드레싱까지 함께 곁들여서 정말 맛있었답니다!​​​​​ ​​​특제 소스로 맛을 낸 참치 아보카도예요. 많이 짜지 않아서 숟가락으로 국물까지 함께 떠서 먹으면 그 맛을 제대로 느낄 수 있답니다! ​​​​​ ​​​바삭하게 튀겨진 크림새우 고로케. 요거야말로 겉바속촉의 끝판왕이 아닐까 싶어요~ 겉은 진짜 바삭바삭하고 속은 사르르 녹듯이 촉촉하고 부드러운! ​​​​​ ​​​얇게 슬라이스한 배를 얹은 한우 육회가 다음 순서로 나왔답니다. 계란 노른자 없이 고기의 맛을 더 제대로 느낄 수 있게 나와서 좋았어요. ​​​​  ​​​한우육회까지 먹고 나니 가져다 주신 청사과 소르베! 아니 갑자기요? 라고 생각했는데.. 다음 코스가 한우 구이를 먹을 차례거든요. 그래서 지금까지 느낀 음식 맛을 입에서 한 번 개운하게 만들어 준 뒤에 한우 더 맛있게 먹으라고요 ^^ ​시원하고 상큼 달달한 청사과 소르베도 남김없이 싹싹 다 먹었답니다! ㅎㅎㅎ​​​​​ ​​​이윽고 등장한 한우 구이 세트예요. 한우 안심과 살치살, 등심, 임실치즈가 버섯, 야채와 함께 등장해서 비주얼 폭발! 도쿄등심 도곡점 분위기 뿐만 아니라 음식 비주얼도 넘 훌륭해서 지인 모시고 가기 정말 잘했다 싶었지요^^ ​​​​​ ​​​고기는 직원 분이 취향을 물어보신 후에 알맞은 정도로 구워 주신답니다. 곁들여 먹을 작은 반찬들이 예쁜 그릇에 담겨 나왔어요. ​​​​​ ​​​숙주나물과 된장 아삭 고추, 김치, 오이 절임, 명이나물, 와사비 등등.. 그리고 고소하게 무친 파채까지! 하나하나 전부다 한우구이와 너무 잘 어울리는 맛이어서 하나씩 돌아가면서 같이 먹었어요.​​​​​ ​​​제일먼저 구워주신 살치살은 특제 소스에 찍어 먹고, 그 사이 등심과 안심을 함께 올려 구웠어요. 버섯이랑 올리브, 마늘, 아스파라거스, 임실치즈도 옆에서 함께 구워졌답니다. ​​​​  ​​​캬~ 빛깔 정말 장난 아니죠! 도곡동 맛집 도쿄등심에서 드실 수 있는 훌륭한 한우구이예요. 임실치즈를 구워서 고기랑 같이 먹으면 부드러우면서도 고소한 맛이 장난 아니거든요~~​​​​​ ​​​거기에 트러플 한조각까지 올려주시니... 향긋함까지 대박이었어요!​콜키지 프리 매장이라서 주류 가져가셔도 되고요, 도쿄등심 카톡 채널 추가하면 음료나 와인 1잔 제공하는 이벤트도 진행하고 있답니다. ​​▼ 도쿄등심 카톡 채널 추가 바로가기 도쿄등심ASIAN STEAK HOUSE, 도쿄등심 공식 채널입니다.pf.kakao.com ​​​ ​​​식사는한우미역국과  쌀밥으로 든든하게~ 미역국은 사랑입니다♡ 양이 부족하면 더 주시기도 하는데요. 저는 주신것만 먹어도 배가 엄청 불렀어요 ㅎㅎㅎ​​​​​ ​​​그리고 도곡동맛집 도쿄등심 디너의 진짜 마지막 코스는.. 심하게 귀여웠던 양갱 녹차 아이스크림! ㅠㅠㅠㅠㅠㅠㅠ 보자마자 귀여워서 악 소리가 나올 정도였어요. 어떻게 먹나요 셰프님~~ㅠㅠ ​​​​  ​​​하지만 그 양갱 소는 매우 담백하며 녹차 아이스크림과 아주 잘 어우러지는 맛이었다고 합니다^^ 소에게 미안하지만 눈 딱 감고 다 먹었어요 ㅎㅎ ​​오랜만에 만난 지인과 즐거운 시간을 가졌던 도쿄등심 도곡점. 분위기 좋은 곳에서 식사할 수 있어서 행복했어요~ ​​​​​  ​​도쿄등심 도곡점: 02-577-8324 도쿄등심 도곡점서울특별시 강남구 남부순환로 2753 롯데시네마 도곡관 2층 본 포스팅은 (주)오픈에서 식사권을 제공받아 솔직하게 작성하였습니다 ","[25, 9, 13, 0, 4, 1]","0.9924210906028748,"
9,여의도 데이트 유럽풍 감성 도쿄등심 한우 코스요리,https://blog.naver.com/sunna434?Redirect=Log&logNo=222570468393,22시간 전,"여의도는 수많은 빌딩들이 밀집되어 있어화려한 건축물의 조명등으로 야경이 아름다운  서울의 대표적인 오피스 상권이죠,​더 추워지기 전에 화려한 도시 경관을 즐기러 #여의도데이트 왔어욤  ​ ​오늘 저녁식사하러 가는곳은소고기를 좋아하시는분들에게  사랑받는 곳이예요​요리의 맛과 서비스가 훌륭해서제가 애정하는 #도쿄등심 이구요#여의도코스요리 찾으시면 방문해보세요​ ​여의도점은 여의도역 5번 출구 바로 앞, 화려한 고층빌딩인 한국교직원공제회빌딩 지하 1층에  위치하고 있어요.​ ​도쿄등심이 입점해있는 #한국교직원공제회빌딩은​외부에서 보이는 것 처럼 내부도몹시 고급스럽고 깔끔해서 좋구요​ 도쿄등심 여의도점서울특별시 영등포구 여의나루로 50 한국교직원공제회관 지하1층 9호 ​#도쿄등심여의도점 ​* 주소 : 서울시 영등포구 여의나루로 50  한국교직원공제회관 지하 1층 9호​🚇 5호선, 9호선 여의도역 5번 출구에서 50m​※ 주차장소 : 한국교직원공제회관 지하주차장※ 평일 2시간 30분 / 주말 및 공휴일 3시간 30분 무료입니다  손님이 많아서 예약하고 가시면편하실거 예욤^^전화번호 02-782-2260  [운영시간]Lunch : 11:00 ~ 15:00Dinner : 17:00 ~ 23:00break time : 15:00 ~ 17:00​주말과 공휴일에는 브레이크타임 없는걸로 알고 있어요확인해보고 가세요~​ ​ ​여기가 바로 도쿄등심 여의도 BLUE 입니다^^  ​블루,,, 입구부터 너무 사랑스럽지 않나요 ♡,♡​ ​ 감각적인  블루 톤의 출입문과 모던한 유럽풍 스타일의 분위기 너무 맘에 들었어요 ​완전 내 스타일 ♡♡​도쿄등심은 어느 지점에 가도트랜디한 인테리어와 함께느낌이 다 고급스럽구요​트렌드가 반영된 식재료를 이용한 품격 있는 최고급 요리를 하는 곳이어서 믿고 가는 곳이예요​ ​사람들이 많아서 홀을 찍을 수 없었는데 블루와 화이트로 고급스런운 트렌디한 인테리어로 분위기 있는 데이트코스로나 각종 모임과 회식장소로도  적합해요. ​2~12명까지 수용가능한 프라이빗한 룸이 있어서  소개팅하기도 좋구, 단체 고객도 수용가능하니 회식장소로도 돌잔치나 피로연 등의 모임으로추천드릴만한 분위기 좋은 곳이예요.​ ​ ​메뉴 보여드릴게요^^​ ​디너 스페셜A69,000원​디너 스페셜 B79,000원​워터에이징 한우 등심49,500원​이곳은 일정한 온도로 워터에이징 숙성한 1++한우 구이와 퓨전요리를한번에 즐길 수 있는 프리미엄 아시안 #다이닝 이예요.​ ​그리고 한우와 잘 어울리는 와인을 부담 없는 가격에 이용할 수도 있어요.​  플레이팅 난리나는맨 처음 한입요리 부터 시작해요love​  1. 연어츠마미 슬라이스한 연어속에 얇게썬 오이,양파 그 위에는 연어알, 시오코지(누룩소금), 생와사비, 미니아마란스 드레싱은 와사비 드레싱이구요. 2. 한우타르타르 라이스페이퍼와 감태부각 위에 양념된 육회를 올려 아이올리소스. 수비드 노릇자, 들깨순을 올려 마무리한 한입요리입니다 3. 무시아와비 부드럽게 찐 전복찜과 게우소스(전복내장소스) 위에는 무조림, 들깨에 버무린 고사리, 실파, 노란소국, 핑크페퍼로  장식되어있어요.​눈으로 한번 반하고 입으로 또 한번 놀라실거예요^^​ ​드시는 순서 연어츠마미, 한우타르타르, 무시아와비 순으로 드시면 됩니다 ​요리는 나올때마다 친절하게 설명해 주세욤^^​ ​참치 사이에 아보카도를 넣은 참치 아보카도​유자를 곁들인 간장 소스와 잘어우러져 세상 맛있!!!​수저에 떠서 한 번에 먹으면 상큼하고 부드러워서 입에서 녹아버려요 ㅋ​맨날 먹구 싶당♡​​ ​ ​예쁘게 플레이팅된 크림 새우 고로케와코코넛 관자가 함께 나옵니다 ​ ​달콤 바삭 부드러운 크림새우 고로케 바삭한 튀김옷 안에 풍부한 맛의 크림이 가득 차있구 통통 새우살이 들어가 있어요 ​이건 아이들과 여자분들은무조건 좋아하실 맛이예욤^^​ ​코코넛 관자는 그냥도 맛있는데ㅋ코코넛 크림과 파인애플 소스가 너무 잘 어울려서 좋았어요!​ ​식사 속도에 맞춰서 요리가 순서대로나와요, 편안하게 즐기면되서 좋아욤^^곁들여 먹기 좋은 파절임과 각종 찬이레트로한 접시에 예쁘게  나오구요.​ ​여긴 반찬까지도 맛있어요드셔보신 분들은 다 아실거에요 ​제가 좀 까다로운 편인데깔끔하고 감칠맛나는 반찬들로준비해주세요​ ​1++ 숙성한우구이​ ​디너코스B 메뉴인 숙성한우구이는1++ 최고급 한우를  21일간 일정 온도에서 저온 숙성시켜 만든 숙성등심과 숙성안심, 새우살, 살치살, 전복 그리고 임실치즈로 구성돼 있어요. ​그리고 제가 제일로 마음에 들어하는건여러 종류의 가니쉬를 즐길수 있어요​마늘과 올리브, 두 종류의 버섯과 아스파라거스까지 숙성한우와 함께 즐기실수 있어요​ ​ ​  도쿄등심은 맛과 분위기는 물론 여의도 데이트 장소로 고품격 한우  퓨전 요리의 매력을 느낄 수 있어서 가족과 연인들의 데이트 장소로도 최고겠죠^^​  ​ ​ 친절한 서비스 마인드를 갖춘 능숙한 서버분들이 저희가 식사하는 동안 여유롭고 편안한 시간이 될 수 있도록모든 부위를 직접 구워주시는 서비스를 제공하고 계세욤.​ ​너무 좋아요^^, 다나짱이나 저나 고기를 잘 못구워서될 수 있으면 구워주는곳이 좋은 ㅋㅋ​여자분들은 거의 잘 못구우시지 않나요?나만,,,,그런거,, 아니죠,,,ㅡ ㅡㅋ   ​ ​살치살과 임실 치즈 함께 드시면너무 맛있 ㅜ ㅜ 이건 먹어봐야 알아요!!​접시 색도 너무 예쁜곳에 올라간 ♡먹을 맛이 그냥 나요^^​  ​ ​먹어보시면 장난아니구요 ㅜ ㅜ너무 맛있어서 눈물이나는 ㅋㅋㅋ​  ​ ​참 도쿄등심 런치 스페셜을 이용하면  퓨전 일식요리를 부담없이 즐길 수 있으세요​마음 편하게 #점심식사 하러 가셔도 좋을 것 같네요 ​ ​육즙이 터지는 한우 등심은일단 먼저  소금만 찍어먹어야죰♡​  ​와사비랑 도라지절임과 같이 올려 먹어도 맛있구요!​ ​참, 먹다보니,,, 아니ㅡ ㅡ 쓰다보니 ㅋ 도쿄등심 의 또다른 좋은점은 ‘콜키지 프리’ 인데요​ 외부주류 반입을 허용하고 있어요  와인잔, 온더락 등을 제공하고 있으니 좋아하는 와인 있으시면 가져가셔도괜찮고  이곳에서도 좋은 와인들이 많아서편하게 그냥 오셔서  주문하셔도 괜찮으실 거구요 ^^​ ​구워지는 야채들도 너무 맛있어요~♡​  ​소고기 그냥도 맛있구파절이와도 너무 잘어울리구욤​  미역국 맛집이죠♡   ​미역도 소고기도 아주 듬뿍 들어있어요.여기 미역국 너무 맛있는데밥이랑 미역국 꼭 더먹고 싶어도 배가 불러서 늘 더 못먹어요 ㅜ ㅜ​그점이 늘  아쉽다는욤 ㅋㅋㅋ​ ​ ​  '도쿄등심' 채널을 추가하시면 매달 진행되는 다양한 혜택을 받아보실 수 있어요.​도쿄등심 카톡 채널링크 : http://pf.kakao.com/_KgbPs 도쿄등심ASIAN STEAK HOUSE, 도쿄등심 공식 채널입니다.pf.kakao.com  이번 혜택은   음료 or 와인 1잔 제공하고 있으니 혜택 꼭 받으세요^^​ ​아~ 부드러운 안심 ,,,배부른데 계속 입으로 들어가고 있어욤 ㅋ​ ​마지막으로 버터 전복 구이까지 건강해지는 느낌으로 고급스러운 맛있는 식사를 했어요~~!​  ​​디저트로 요거트 아이스크림 입안을 깔끔하게 마무리!!너무 맛있어욤♡​  ​품격있는 식사장소로 접대하기도 괜찮고 ​#고급스러운 여의도 데이트 장소는 물론 #가족모임, 각종 모임장소로 적합한여의도 맛집이구요 여의도 한강공원, IFC몰 등의 접근성이 좋아 #나들이 나오셔서 식사하시기 딱인 곳이에요 ​ ​감각적이고 분위기 있는 장소에서고급스러운 한우요리를 드시고싶으시다면 강추해요​ ​늘 최고의 요리 준비하시는 쉐프님들과편안한 식사를 위해 도움주시는 서버분들너무 감사해요​  ​많은 분들 덕분에 맛있고 행복한 식사에 감사해서 구구절절 열심히 포스팅했어요^^ 모든 분들 좋은 사람들과 좋은 곳에서행복한 시간 보내세요​{ 🍀늘 좋은일만 있을거야 }​하고싶은거다해 🌟행운여신​Instagram.com/happy_sunny1004 행운여신(@happy_sunny1004)님의 Instagram 프로필 • 사진 및 동영상 805개팔로워 80명, 팔로잉 54명, 게시물 805개 - 행운여신(@happy_sunny1004)님의 Instagram 사진 및 동영상 보기Instagram.com ​#여의도맛집 #여의도고급식당#여의도데이트코스 #여의도소개팅하기좋은곳#여의도핫플 #인스타감성​​ '본 포스팅은 ㈜오픈에서 식사권을 제공받아 솔직하게 작성한 글입니다'​ ","[58, 23, 19, 0, 5, 1]","0.9920646548271179,"
10,"도쿄등심 여의도점 - 분위기 좋은 여의도 데이트 맛집, 기념일... ",https://blog.naver.com/envely11?Redirect=Log&logNo=222566107392,5일 전,"도쿄등심 여의도점 - 분위기 좋은 여의도 데이트 맛집, 기념일 맛집으로 추천해!​안녕하세요~ 은블리입니다!얼마전에 여의도 데이트를 했는데요,여의도 데이트의 마무리는도쿄등심 여의도점에서 했답니다!  도쿄등심은 분위기 좋은여의도 한우 맛집으로 유명한데요,​여의도점은 파란색 인테리어가 적용되어서마치 여행을 온듯한 느낌이 들었답니다 >< Previous imageNext image 메뉴판은 슬라이드로 올려봤으니참고해주세요~ ㅋㅋㅋ  저희는 테이블석에 앉긴 했지만,룸으로도 예약이 가능한데요,​룸은 2~12인까지 수용 가능한 단독룸이라데이트할 때 외에도회식이나 접대장소로도 넘 좋을 것 같아요!​저희는 두명이서 디너스페셜 B 코스를 먹었답니다!​<Dinner Special B Course>3가지 한입요리참치 아보카도코코넛 관자크림 새우 고로케활 전복 버터 구이숙성한우구이 & 한우 미역국디저트​도쿄등심 코스는 진짜버릴 부분 하나 없이 넘 맛있답니다! 처음으로 나온 3가지 한입요리인데요,1인당 3가지 한입요리가 제공되는데,플레이팅부터 넘나 바닷가에 온 느낌? ㅋㅋㅋ  좀 더 가까이서 찍어보았는데요,연어롤부터 한우 타르타르,전복까지 다 맛있었어요! 정말 한입에 쏙 들어가는 한 입요리로,애피타이저로 딱 좋았답니다!  인테리어도 모던하고 분위기가 좋은데,예쁜 플레이팅도 좋은 분위기에한 몫 한 것 같아요! ㅋㅋㅋ 참치 아보카도는 참치 안에아보카도를 쏙 넣은 요리인데요,참치랑 아보카도 조합이 진짜 괜춘하네요!​너무 짜지도 않고 느끼하지도 않고,예쁜데 맛있고 건강까지 챙기는 요리 느낌이었답니당 ㅎㅎ 다음 요리는 코코넛 관자였는데요,관자에 코코넛과 파인애플 소스를얹어먹으면 되는 요리랍니다!  관자와 코코넛, 파인애플의 조합은 어떨지궁금했는데요,고소하면서도 상큼한 맛이라더 먹고 싶었어요! ㅠㅠ ㅋㅋㅋ  관자 비린맛 전혀 없고,쫄깃하면서도 부드러워서식감까지 챙긴 요리였답니당 ㅎㅎ 크림 새우 고로케도 넘나 꿀맛! ㅋㅋㅋ크림 새우 고로케는 1인 1개였는데요,와사비 소스에 콕 찍어먹으면 꿀맛이에요! 원래 고로케를 즐겨먹지는 않는 편인데,너무 기름지지도 않으면서겉바속촉의 정석이라 넘 맛있었어요!  고로케 속이 크림새우로 꽉 차있어서한입 베어물면 사르르 녹는 느낌이랍니당 ㅎㅎ 그리고 메인 메뉴인 한우 구이랑활 전복 버터 구이인데요, 도쿄등심의 시그니처 플레이팅인 것 같은데,신선한 고기가 부위별로 놓여져 있어서굽기도 전부터 맛있어보인답니당 ㅎㅎ   그리고 활전복도 한켠에 있었는데,전복까지 있으니 더욱 고급진 느낌이었어요 ㅎㅎ 도쿄등심은 직원분들이고기를 직접 다 구워주셔서편하게 먹을 수 있는 점도 장점인데요,  한우구이는 치즈, 새우살, 살치살부터먼저 구워주시구요,  그 후에 한우 등심과 안심을같이 구워주신답니다!  각종 소스와 밑반찬들도한우 구이 구워주실때 같이 제공해주세용 ㅎㅎ  중간에 허브소금이 진짜 맛있었는데,고기에 한점 콕 찍으면 넘나 맛있는것 ㅠㅠ 그리고 저는 도쿄등심 오기 전만 해도치즈랑 소고기의 조합이 어떨지 의문이었는데,진짜 넘나 고소하고 맛있습니당 ㅋㅋㅋ강추 ㅋㅋㅋ 야채도 같이 구워주시구요,굽기 정도도 물어보시고 반영해주세요! ㅎㅎ​저희는 미디움으로 요청드렸답니당 ㅎㅎ 움짤도 추가해봤는데,글쓰면서도 배고프네요 ㅠㅠ...  참고차 동영상도 같이 추가해봅니당 ㅋㅋㅋ 고기는 소스에 찍어먹어도 맛있고,소금에 찍어먹어도 맛있고,파채랑 같이 먹어도 맛있어요 ㅋㅋㅋ​일단 그냥 맛있음!! ㅠㅠ  고기 본연의 맛을 느끼고 싶으신 분들이라면허브 소금에 콕 찍어드시는걸 추천드려요!​특유의 허브맛도 들어있어서고기가 더욱 맛있게 느껴진답니당 ㅋㅋㅋ  그리고 고기와 치즈와의 조합 ㅠㅠ 대박...치즈를 따로 구워먹어도 맛있을 것 같아요.  소스 중에서 와사비랑 명이나물도 있는데,같이 얹어먹어도 맛있더라구요 ㅎㅎ  그리고 넘나 기대되었던 등심과 안심 ㅋㅋㅋ확실히 안심이 진짜 부드럽고입에서 사르르 녹는 느낌이었어요 ㅎㅎ 안심 구워주실때는 허브를 올려놓아서 그런지고기에서도 허브향이 솔솔 나서완전 취저!! ㅋㅋㅋ 고기에 와인도 같이 한 잔 하면 딱일거 같더라구요 ㅎㅎ 참고로 도쿄등심 여의도점은콜키지 프리 매장이라,주류를 미리 준비하셔도 좋을 것 같아요 ㅎㅎ  고기 굽는 영상 하나 더 올려봅니당 ㅋㅋㅋ넘나 맛나보임 ㅠㅠㅠ  야채까지 다 구워주셔서편하게 먹을 수 있었답니당 ㅋㅋㅋ 등심이랑 안심도 넘나 맛있었구요,굽기 정도 미디움으로 하니까넘 부드럽고 육즙도 풍부하고만족스러웠어요!  등심과 안심도 구분해주셔서넘 편하게 먹었다능 ㅋㅋㅋ  고기랑 야채를 다 구워주신 후에는활전복 버터구이도 해주신답니다! ㅎㅎ  이게 바로 활전복 버터구이 ㅋㅋㅋ!도쿄등심에서 활전복 버터구이는처음 먹어봤는데, 말해모해 ㅠㅠ고기도 맛있는데 전복도 맛있었어요! 전복은 조금 시간이 걸려서,요렇게 뚜껑을 덮어두셨답니당 ㅋㅋㅋ​그동안 우리는 고기 폭풍흡입 ㅋㅋㅋ 활전복 버터구이 완성 !! ㄷㄷㄷ제가 원래 전복을 포함한 해산물을별로 좋아하는 편이 아닌데,도쿄등심에서는 남편 안주고 제가 먹었어요 ㅋㅋ  비린맛 1도 없고,부드러우면서도 버터맛이 나서넘나 마음에 들었답니당 ㅎㅎ  부드럽고 고소해서먹고나서도 또 먹고 싶었어용 ㅎㅎ 식사 메뉴로 밥과 한우 미역국도 제공되었는데,한우 미역국에도 한우가 들어있어서고기 진짜 푸짐하게 먹을 수 있었어용 ㅎㅎ 미역도 부드럽고 부담없는 맛이라,한 그릇 바로 다 비웠답니다! 식사가 끝나고는 요거트 아이스크림이디저트로 나왔는데요, 요거트 아이스크림에 블루베리가 들어있고,아래에는 견과류가 깔려있어요. 디저트까지 싹 다 비우고 나왔답니다!​진짜 도쿄등심 코스요리는 넘나 맛있어요 ㅠㅠ​분위기도 좋아서 여의도 데이트나기념일 맛집으로 가기 딱 좋았답니다!​참고로 도쿄등심 카톡 채널을 추가하면매달 다양한 혜택이 있는데요,지금은 음료나 와인 중 1잔을 제공한다고 하네용​[도쿄등심 카톡 채널 바로가기] 도쿄등심 여의도점서울특별시 영등포구 여의나루로 50 한국교직원공제회관 지하1층 9호 주소 : 서울시 영등포구 여의나루로 50 한국교직원공제회관 지하1층전화번호 : 02-782-2260 ​ ","[38, 8, 23, 0, 1, 0]","0.33603009581565857,"
11,[도쿄워홀] D+326 디즈니랜드,https://blog.naver.com/dbqls1997?Redirect=Log&logNo=222571401693,1시간 전,​오늘은 히나랑 디~즈니란도 가는 날 ~JR 시계 여기는 스페이드모양이다 귀여워마이하마역 내리자마자 도키도키 와쿠와쿠(별거 아니지만 유준이 좋아할 글 : 히나에게도 코코아 영업 성공)​ 막상 사고 신나서 꽤 사진 찍음​알지여 ? 디즈니 입장 전 있는 기프트샵이 카츄샤 제일 많은 거 ?히나가 스팽글 미니 트윈으로 하고 싶대서 샀다 🍒그치만 진짜 취향대로 샀다? 바로 그 대갈통에 쓰는 알린 삼​ ​누이구루미 구경유일하게 랏소 배에서 딸기향이 나요오래 오래 안고 있었다 너무 행복한 향 근데 랏소는 믿거​ ​귀여운 푸たち​ ​들어가자마자 츄러스 부터 찾음원래 놀이공원은 먹으러 오는거지크리스마스 한정 초코 츄러스 🎄​ ​그 다음에 아무 생각 없이미키의 뮤지컬 ? 뭐 걍 응모해보래서 해서시간 맞춰 보러갔다​ ​근데 이게 진짜 존나 개 미쳤음아무 생각 없이 본 공연인데대충 내용은 전 디즈니 픽사 캐릭터 대표음악 뮤지컬실은 울었음 ㅋㅋ 어렸을 때 봤던 동화들이라서 ㅠ 이해하셈약간 인프피 잇프피 이 사이 계열이라 그럼​ ​나 옛날에 디즈니 스토어 갔을 때 이거 사고 싶었는데브이도 해주고 같이 충성도 해줌​ ​그 다음 기대했던 알린 모찌 먹으러이건 주문하는 기계 🎰​ ​맛은 초코 이치고 커스터드 세 가지다우열을 가릴 것 없이 셋다 마~마~ 한 맛몇년을 기대해서 그런지 그냥 그랬다이딴거에 몇년을 기대하는 나 제법 젠틀해요​ ​그 다음 유일하게 랜드에 있는토이스토리 어트랙션 타러갔다무려 15분 기다려서 ・・・ 5분 기다리는게 개많음15분이다 ? 오 인기 좀 있네 이 급임​ ​내 사랑 알 린 ~ 히나한테 계속 알린 알린 이지랄 했는데 못 알아 들어서얘 가리키니까 일본은 리틀그린맨임 이름리토루그리인멘임 정확하게​ ​말하는 버즈라이트이어진짜 진짜 같아서 놀라워 몇년전에 봤는데도 놀라워​ ​이렇게 대충 괴물한테 총 빵빵 쏘는거임나 1700점 히나 21000점어케하면 이렇게 차이날 수 있는건데요​ ​음 제 셀카도 좀 갈겨봤어요1년동안 셀카 거의 찍을까 말까임와중에 왜 밑에서 찍냐고 얼짱각도 모르나 ㄱ-​ ​이게 개찐임 메리고라운드 살리고 하늘 버림하늘 존나 방사능 피폭당함​ ​오미야게샵 구경 쓱싹 ~이거 개 귀엽지 않나요 다음달에 디즈니 또 가니까그 때 셋이서 노나 가져야겠어 사서 (강매)​ ​근데 나 참 동심으로 돌아가더라니까풍선이 너무 사고 싶더라니까 🎈​ ​피터팬의 해적도 만났다왜 존나 마이너만 나오냐 짱나게그래도 팬서비스 좋아서 할 말은 없어요​  푸샵 구경 ㄱㅇㅇ ​미녀와 야수 광탈하고 예약 걸어둔 푸상 놀이기구근데 이거 스피디하면서도 진짜 귀여웠다푸 이자식 .. 은근히 귀여웠구나 ..혹시 미녀와 야수 광탈하셨다면 이거 타보세요​ 지나가다 본 푸 퍼레이드​그리고 배고파져서 다시 알린 모찌 사먹은 가게로피자랑 무슨 공갈호떡 안에 닭갈비 같은 거 먹었다やっぱりピザは裏切りしないね🍕​ ​그 다음에 놀이기구 타러 넘어가려다퍼레이드 한다고 못 지나간대서 강제로 봄크리스마스 시즌이라 다들 귀엽네​ ​신데렐라 성 뒷편으로 가면위에 올라가서 스토리보드 볼 수 있는거 나만 몰랐어요?​ ​준나 커보이길래 엥 껌이지 ~ ㅋ 했는데실제로 신는 부분은 한 15센치 밖에 안되는듯나도 신고 신분세탁이나 싸악 할라 했는데 ~ ㅋ​ ​실제 전시되어 있는 신데렐라 유리구두​ ​내가 좋아하는 장면 엉엉그 신데렐라 파티 보내주려고 쥐들이 옷 만드는구 ㅠㅠ​ ​내가 찍은 기깔나는 신데렐라 성날씨 개 좋죠? 왜냐면 날씨보고 충동적으로 산 티켓이라서요안 좋을 수가 없었음 ☁︎︎*.​ ​요즘 해 빨리 지기 시작해서4시 50분 ? 인데 벌써 저녁 준비중이다​ 내가 좋아하는 메리고라운도​충동적으로 일단 티켓 두개 사고 갈 사람 찾자!했는데 히나가 흔쾌히 같이 가줘서 즐거웠다​ ​원래도 폐장까지 놀 마음 없었고지치면 토리키나 가자 ~ 해서 6시쯤 나옴이쯤되면 디즈니랜드는 에피타이저고 토리키가 본식임​  ​혼모노 봄이제 어디가서 산리오 팬이다 뼈도 못 추림포즈도 착착 취해줌 웃겨 뒤지는 줄​ ​한달 뒤에 준다 해서 존나 박박 우겨서겨우 오늘 주기로 약속 받아냈는데통장 잔고는 0이고 돈 보냈다는 연락도 없고내가 내 돈으로 눈치 쳐 보는게 얼탱이가 없고 화가난다이마사라 쉬는날에 급하면 가게와서 받아라 요지랄병진짜 존나 빧쳐서 히나랑 있는데 표정관리 개안됨​ ​아니 치즈 츠쿠네 존맛이네 여태 왜 안 시킴? 노이해이제 모모타레 빼고 츠쿠네 넣는다 .나마 세잔 벌컥 벌컥 들이켰다 열빡쳐서 ...​ ​그리고 디즈니에서 사온 오미야게푸우 쿠키랑 파스타 모양 쿠키랑​ ​ 이 볼펜 쭌이랑 노나 가지려고 샀다귀여운 하루 끝 ~   #20211117 #도쿄워홀 #일본워홀#도쿄워킹홀리데이 #일본워킹홀리데이#도쿄워홀일상 #일본워홀일상 #일본일상 #도쿄일상#디즈니랜드 #도쿄디즈니랜드 #디즈니랜드티켓팅 #디즈니티켓팅#토리키 #토리키조쿠 #도쿄이자카야 ​​ ,"[9, 6, 1, 5, 2, 1]","0.22904974222183228,"
12,【도쿄 힐링여행】 도쿄의 단풍명소,https://blog.naver.com/gotokyo-kr?Redirect=Log&logNo=222565092492,6일 전,"도쿄에서는 단풍이 절정을 맞이하고 있어요!오늘은 추천 단풍명소를 소개해 드릴게요. 코로나 사태 종식 후 꼭 방문해 보세요~​   리쿠기엔 정원  1695년 최고 직위의 다이로(원로)가 설계한 전통 일본 정원 리쿠기엔에서는 고귀한 분위기를 느낄 수 있어요.잘 정비된 부지 내에는 인공 언덕과 연못을 중심으로 전망이 좋은 장소로 가는 오솔길이 이어져 있답니다.​단풍과 느티나무는 가을이 되면 울긋불긋 아름다운 풍경을 연출하고, 봄에는 벚나무가 마찬가지로 인상적인 풍경을 자아냅니다. 이러한 계절에 일본을 방문하는 행운의 관광객은 야간에 조명이 밝혀진 나무와 꽃의 아름다운 모습도 감상할 수 있어요.​​​https://www.gotokyo.org/kr/spot/22/index.html​ 리쿠기엔 정원1695년 최고 직위의 다이로(원로)가 설계한 전통 일본 정원 리쿠기엔에서는 고귀한 분위기를 느낄 수 있습니다.www.gotokyo.org  메이지진구 가이엔  아마 진구 구장에서 가장 유명한 메이지진구가이엔에는 각종 스포츠 시설, 키즈 파크, 역사 팬을 위한 메이지 시대의 회화관이 있어요. 메이지진구의 동쪽에 있고 아오야마잇초메역에서 도보로 몇 분 걸리지 않는 장소예요.​광대한 야외 부지를 산책하거나, 밤에는 시원한 맥주를 마시며 야구 관전을 즐겨 보세요. 거대한 골프 연습장에서 스윙을 연습하거나 배팅 센터에서 홈런을 노려 보는 건 어떨까요. 일 년 내내 영업하는 실내 아이스 링크가 있기 때문에 더블 악셀을 연마할 수도 있어요. 친구와 함께라면 저렴하게 몇 시간 동안 테니스 코트를 빌릴 수 있답니다.​​​https://www.gotokyo.org/kr/spot/92/index.html​ 메이지진구가이엔아마 진구 구장에서 가장 유명한 메이지진구가이엔에는 각종 스포츠 시설, 키즈 파크, 역사 팬을 위한 메이지 시대의 회화관이 있습니다.www.gotokyo.org  오쿠타마 호수  도쿄의 다른 얼굴을 오쿠타마 호수에서 발견해 보세요. 도심부에서 최적의 당일치기 관광 명소예요. 도쿄에서 가장 가까운 국립 공원인 지치부타마카이 국립공원 안에 있고 봄에는 벚꽃이 피어나고 여름에는 신록으로 뒤덮여요. 가을에는 수백 그루나 되는 단풍나무가 붉게 물듭니다.​다마가와에 오고우치 댐이 건설되었을 때에 생긴 오쿠타마 호수는 굉장히 아름다운 경치를 자랑해요. 산에 둘러싸인 오쿠타마 호수 주변 지역은 도심에서 찾을 수 없는 자연을 손쉽게 접할 수 있답니다.​​​https://www.gotokyo.org/kr/spot/53/index.html​ 오쿠타마 호수도쿄의 다른 얼굴을 오쿠타마 호수에서 발견해 보세요. 도심부에서 최적의 당일치기 관광 명소입니다.www.gotokyo.org  고이시카와 고라쿠엔 정원  ​고이시카와 고라쿠엔 정원은 분명 도쿄에서 가장 아름다운 일본 정원이에요. 오랜 역사와 중국의 영향을 받은 이 정원에서는 계절에 상관없이 매우 아름다운 경관을 감상할 수 있답니다.​고이시카와 고라쿠엔 정원에는 어느 계절에 찾더라도 항상 볼거리가 있어요. 가을에는 울긋불긋 물드는 단풍, 겨울의 끝자락에는 매화, 봄에는 흐드러지게 핀 벚꽃, 여름에는 수많은 종류의 꽃들을 감상할 수 있답니다.​도쿄의 중앙부에 위치하고 있어 도쿄 돔 시티와 놀이공원, 거대한 이벤트 회장이 바로 옆에 있지만, 정원은 평온하고 조용한 분위기가 감돕니다.​​​https://www.gotokyo.org/kr/spot/24/index.html​ 고이시카와 고라쿠엔 정원고이시카와 고라쿠엔 정원은 분명 도쿄에서 가장 아름다운  일본 정원입니다.www.gotokyo.org  GOTOKYO가 소개하는 도쿄 공원&정원https://blog.naver.com/gotokyo-kr/221881834097​ 《사진으로 전해드려요》 GOTOKYO가 소개하는 도쿄 공원&정원역사가 있는 일본 정원부터 유럽식 정원, 빌딩 사이에 숨어있는 녹읍이 풍부한 정원까지. 신주쿠나 요요기 ...blog.naver.com ​​연못이 있는 도쿄의 공원https://blog.naver.com/gotokyo-kr/222500678109​ 【도쿄 힐링여행】 날씨가 선선해졌네요. 보트를 타고 느긋한 시간을 보내는 건 어떠세요?아침저녁으로 날씨가 많이 선선해졌는데요. 가을 향기로 조금씩 채워지는 공원에서 느긋하게 보내보아요~ ...blog.naver.com  이 밖의 도쿄여행에 관한 정보가 궁금하다면, GO TOKYO 도쿄관광 공식사이트http://www.gotokyo.org/kr/​​​ 도쿄 관광 공식 사이트GO TOKYO도쿄도 공식 관광 사이트. 도쿄 관광 루트, 관광 명소까지의 길안내, 도쿄를 만끽하는 방법, 숙박시설 검색 및 이벤트 정보 등 도쿄도 전역의 모든 관광 정보가 모여 있습니다. www.gotokyo.org ​​​페이스북 페이지의 팔로우 & 좋아요!!많이 응원해 주세요~http://www.facebook.com/GoTokyo.kr/​ 궁금하신 점은 댓글/쪽지로 부탁드려요!이웃추가/댓글/쪽지 환영합니다 ^^​​​​​ ","[23, 9, 5, 0, 0, 0]","0.9971107244491577,"
13,일본생활//도쿄생활....2021년 11월의 기록...그 첫번째... ,https://blog.naver.com/mskim0910?Redirect=Log&logNo=222564523341,7일 전,2021년 11월의 기록...PART 1이제 슬슬 노랑 노랑해지기 시작한.....도쿄 단풍 명소.....진구 가이엔 은행나무 가로수길 산책......ㅎ아직 군데 군데 초록초록한 부분들이 보이는걸 보면...아마....담주 주말(11월 20일~~~~)쯤부터가 단풍구경하기 젤로 좋은 때가 될듯!!!음...올해도 코로나때문에...먹거리 팔고 공연있는 북적북적 마츠리는 없을것같지만....(도쿄도 관광 공식 홈페이지에 아직 공지되어 있지않는걸 보면....)그래도...지금 요~~~~한산한 여백의 미가 아름다운 길이....올주말부턴 사람들로 넘쳐나 걷기도 힘들어지겠지????호호호아오야마에 위치한....중간 정원있는 52년 전통의 양과자점에서...오후의 혼차!!!!ㅋㅋ*마카롱 바니유!!*자색 고구마 타르트!!*마롱글라세 올린 쇼콜라케이크!!*단호박푸딩!!*소볼때기살 조림을 넣어만든 농축야채 몽블랑(맨 중앙 오렌지색)!!*생강크림을 곁들인 버섯+가을 가지 마리네(맨앞줄 정중앙 꽃장식 있는것)!!*샤인머스캣 넣은 달달이!!!요넘들을.....과일홍차랑 냠냠......ㅋㅋ글구....일본 사는 사람들중에 정말 이 과자 안먹어본사람은 없을 정도로...완전 흔하게 접하는....이 양과자점의 시그니쳐 달달이와 함께....커피도 한모금!!!!!ㅎ에콩...카페인을 갑자기 넘 많이 섭취했더니....(카페인 쓰레기주제에......ㅋㅋ)내 심장 뛰는 소리에 내가 놀라 기절할 지경!!!!!호호호 동네 버스정류장앞에 걸린 광고판을 보고....음....남자모델 누구 너무 닮았는데....누구지????한참을 생각하다가......드디어 찾아낸 닮은꼴!!!!!ㅋㅋ맞다!!!!디즈니 만화속 주인공 구피!!!!!까르르 깔깔 눈부신 햇살 쏟아지는 오후....우에노에 있는...도쿄도 미술관에서...고호 미술전 관람하기!!!!ㅋ요번 고호 미술전은...네덜란드 오테를로에 있는 크뢸러 뮐러 미술관 소장...(참!!!!암스테르담 소재 고호 미술관 소장 그림도 10점쯤 전시되고 있지만....ㅋ)고호의 작품들이.....일본에서 첨으로 소개되는거라.....그림 애호가들의 관심을 정말 담뿍 받고 있는 전시회!!!!ㅎ특히...세상에 많이 알려져있지않은...고호 화가 인생 초반에 그려진...많은종류의 소묘가 정말 인상적임!!!!ㅋ 코로나 시국이라...... 티켓팅은....인터넷으로 입장시간을 예약하면서 같이 해야함!!!(그치만....당일 예약분에 여유가 있는경우에 한해 현장티켓팅이 가능한 경우도 있단다)우린...11월 10일 14:30~15:00 입장 티켓으로!!!ㅋㅋ참!!!글구...난 요번 전시가...관람시간 사전지정 입장이라....관람 인원제한을 엄격히 해서....사람없이 완전 한산할줄알았는데.....어머 왠걸..전시관 입구부터 사람이 어찌나 많은지...(집으로 다시 돌아갈까???망설여질만큼 정말 깜짝 놀람!!!!)물론 코로나전만큼은 아니지만....그래도...그림앞에 기본 3~4겹으로 서서 봐야하고....옆그림으로의 이동도 내 의지대로 못함!!!!!ㅋㅋ아마...30분단위 한타임당 허용인원이 200명쯤 되는듯.....ㅠ.ㅠ그러니..혹시....고호전 가시는 분들 계심...KF94마스크 얼굴에 딱 맞게 끈조절해서 정말 단디 쓰고 가시길!!!!ㅋㅋ알찬 관람을 위해...먼저...오디오 가이드장착!!!!ㅋㅋ 전시관내 그림 촬영 금지라....ㅋㅋ우편엽서와...홈피 이미지로 살짝만 보는....2021년 고호전!!!!!호호호(소묘작품들은 인터넷에서 이미지를 찾을수 없어 완전 아쉬움!!!ㅠ.ㅠ)먼저...잔잔하면서 화사한 색감에 가슴이 다 설레는....(만약 여기서 누굴만나게 되면 그냥 그자리에서 사랑에 빠질것같은......호호호)점묘화의 정석......레스토랑의 내부란 작품!!! 르누아르의...물랭 드 라 갈레트와는 사뭇 다른 느낌의...고호의 물랭 드 라 갈레트!!!!ㅋㅋ 노랑색을 사랑했던...글구...노랑의 모든것을 보여주고 싶었던....고호의 고뇌가 느껴지는...레몬 바구니와 병!!!ㅎ슬퍼하는 노인....밀집 모자가 있는 정물!!!!글구 요건....우리 누구나가 다~~~잘 아는....암스테르담 고호미술관에서 날아온...노란집!!!!ㅎ ,"[-1, 2, 0, 0, 1, 2]","0.995508074760437,"
14,도쿄쇼핑여행. 시계쇼핑하기 좋은 긴자(銀座). 와코에서 만난... ,https://blog.naver.com/shoudai?Redirect=Log&logNo=222565926274,5일 전,"안녕하세요, 도쿄드라이브입니다. 긴자(銀座)는 쇼핑하기 참좋은 도쿄의 유명 관광스팟인데요. 다양한 명품과 레스토랑들이 즐비한 거리이지만, 도쿄드라이브의 최근 관심사가 시계이다보니 시계 윈도우 쇼핑 위주의 포스팅이 됩니다ㅎㅎ  관심없으신 분들도 흥미롭게 읽어볼 수 있도록 사진을 모아보았으니 함께 같이 공부삼아서 살펴봐주시면 좋겠네요^^ 도쿄쇼핑여행. 럭셔리 향수브랜드 푸에그아(FUEGUIA)와 태그호이어 긴자본점에서 만난 아쿠아레이서, 와코(Wako) 그랜드세이코 한정모델들안녕하세요, 도쿄드라이브입니다. 지난 이야기에 이어서 도쿄의 쇼핑천국, 긴자(銀座)의 이야기입니다. 제...m.blog.naver.com  도쿄쇼핑여행. 시계쇼핑하기 좋은 긴자(銀座)와코에서 만난 그랜드세이코와 브레게 마린, 글라슈테해리윈스턴 프로젝트Z13와 벨엔로스 BR05날씨좋은 날의 긴자거리. 최근에는 위드코로나 국면으로 접어들면서 사람들도 많아지고, 주말에는 차없는 거리(歩行者天国)도 실시하고 있습니다. 도쿄에서 차없는 거리(일본에서는 '보행자천국'이라고 표현합니다)라고 하면 역시 긴자(銀座)와 아키하바라(秋葉原)이지요. 시계 갯수가 늘어나다보니 시간은 잘 안맞추게 되지만, 마감품질과 디자인 디테일을 보면서 늘 감탄중인 오메가 스피드마스터 문워치. 도쿄드라이브가 최근 최애용하는 시계입니다. (겨울이 다가오지만 어쨌든 블루!네요)  로저드뷔(ROGER DUBUIS)리슈몽(RICHMOND)그룹의 로저드뷔(ROGER DUBUIS)는 한국에 정식수입되기 전부터 도쿄매장이 있는걸 알긴 알았는데... 비싼 시계가격에 비해서 긴자의 로드숍은 조금 작은 느낌입니다. 언제 한번 날잡아서 정식으로 구경해보아야겠어요.(근데 로저드뷔의 문턱은 한없이 높게 느껴집니다...ㅠ) 엑스칼리버 코발트블루 42mm위 이미지처럼 시계 반대편까지 무브먼트가 훤히 들여다보이는 완전개방된 스켈레톤 워치가 대표적인 모델입니다. 게다가 모든 제품들이 소량생산되는 한정모델이기때문에, 대부분의 모델이 희소성이 높지요. 이 브랜드는 조금 낯설게 느껴지시는 분들이 많을텐데요, 그도그럴것이 비교적 최근에 유명해진, 독립브랜드이기때문입니다. 최근 시계브랜드들중에 역사가 길지않은 독립브랜드가 성공적으로 인지도를 높인 케이스가 꽤 됩니다.(리처드밀, 위블로 등) 와코(WAKO) 긴자긴자에 오면 꼭 와코(WAKO) 건물은 들르는듯. 긴자의 상징적인 건물이자, 세이코(Seiko)그룹이 운영하고 있는 고급백화점입니다. 귀금속과 세계 유명시계 브랜드들을 메인으로 취급하고 있어서, 보통의 백화점과는 꽤 차별화됩니다. 무엇보다 그랜드세이코(Grand Seiko)의 유일한 플래그쉽 스토어가 입점되어있어서 와코한정(WAKO限定) 모델들도 가끔 볼 수 있는 곳이지요. 와코한정판 그린다이얼의 GS최근 그린컬러가 트렌드인데, 참 멋진 와코한정판을 만났습니다. 가운데에서 방사형으로 펼쳐지는 그린다이얼이 참 매력적이네요. 생각보다 엄청 혹했던 모델이었는데, 소유하고 있는 그랜드세이코 자작나무(白樺)랑 케이스 디자인과 브랜드 등이 너무 겹치는 것 같아서 일단 패스하기로 합니다. 브레게(Breguet) 마린그리고 브레게(Breguet)도 한번 살펴봅니다. 브레게는 스와치그룹의 탑(TOP)에 있는 브랜드이자, 고급시계 빅5브랜드중 하나입니다. 마린(Marine)이라는 모델이 제일유명한데요, 그중에서 최근 발매되었다는 기계식 알람기능이 있는 청판 모델을 살펴보았습니다. 점원설명으로는 자주 재고가 있는 모델은 아니라 실물을 보기 힘든 모델이라고 하네요. 스와치그룹의 브랜드 위계마린 알람 뮤지컬(MARINE ALARME MUSICALE)마린은 여러가지 파생모델이 있지만, 이 녀석은 그중에서 조금 고급사양에 속하는 모델입니다. 가운데 둥근구멍으로 알람(종) 표시가 나타나는 모델이지요.(그래서 이름도 알람 뮤지컬입니다) 은빛컬러가 스틸처럼 보이지만, 실제로는 티타늄이라서 생각보다 가볍고 꽤 고가의 모델이 됩니다. 글라슈테 오리지날(Glashutte Original)그리고 글라슈테 오리지날(Glashutte Original)에서도 그린컬러의 시계를 내놓았네요. 이 모델은 약간 한정판매적인 성격을 가지고 있는 시즌한정이라고 합니다. 글라슈테는 독일태생 시계인데, '랑에운트죄네(A Lange & Sohne)'와 함께 꽤 유명한 브랜드이지요. 보통은 '랑에'처럼 이런 식의 다이얼 구성 제품이 많은 브랜드이지요. 문페이즈까지 들어가있어서 (랑에에 비해) 나름 합리적인 가격이라고 하지만, 스틸모델도 100만엔이 넘는게 대부분. (위의 모델은 금통이다보니 200만엔이 넘었던 걸로 기억합니다) 제 시계랑 나란히 늘어놓으니 이런 느낌. 드레스워치들 사이에 있으니, 오메가 스피드마스터가 더 돋보이는 느낌입니다. 최근 스틸스포츠 워치들이 인기인 이유는 역시, 드레스워치에 비해서 크기도 크고 더 활동적이고, 더 화려하기때문이 아닐까 싶기도 합니다. 피아제 폴로(팬더)피아제 폴로(Piaget Polo)그리고 요즘 새롭게 떠오르고 있는 전통적인 강자, 피아제(Piaget)의 폴로모델도 있었습니다. 특히 이녀석은 팬더라는 닉네임이 붙은 녀석이지요. 특색은 있는데, 실제로 보면 뭐랄까...가격에 비해서 조금 디자인이 아쉬운 느낌이고, 다이얼은 오메가 아쿠아테라가 많이 생각나는 느낌이네요. 근데 나중에 다른 가게들도 둘러보니, 생각보다 인기가 많아서 재고가 있는 매장이 흔치않더라구요. 제 느낌으로는 피아제라는 브랜드가 있기는 하지만, 실제로 실물대비 리테일가가 너무 비싼 느낌(190만엔 정도)이 있었네요. 긴자의 기간한정 카페미쓰비시(Mitsubishi)모터스 카페가 있던 자리에는 랄프로렌 카페가 들어섰습니다. 눈에 띄는 자리에 꽤 좋은 형태의 건물이기때문에, 건물전체를 기간한정 팝업카페 형태로 여러 브랜드들이 돌아가면서 입점하는 느낌. 여기 카페도 조만간에 한번 가보아야겠습니다. 해리윈스턴(HARRY WINSTON) 긴자이 근처에는 도쿄에서 가장 큰 해리윈스턴(HARRY WINSTON) 매장이 있습니다. 한국에는 정식매장이 없는걸로 아는데, 일본에서는 꽤 인지도와 선호도도 높아서 여전히 많은 백화점에서 찾아볼 수 있지요. '다이아몬드의 왕'이라고 불리우는 해리윈스턴이지만, 주얼리류 외에도 시계에서도 꽤 높은 입지를 가지고 있는 브랜드이지요. 해리윈스턴 프로젝트Z 013해리윈스턴의 시계들은 비교적 비싼데요, 그중에 상대적으로 저렴(?)하면서 약간 아티스틱한 디자인이 느껴지는 모델은 프로젝트Z(PROJECT Z)시리즈입니다. Z01~Z15 등으로 매년 넘버링이 붙어서 글로벌 300개 한정으로 꾸준히 출시되는데, 프로젝트Z시리즈에서 반응을보고 금통모델로 약간 변형하여 정규모델로 출시하는 느낌이지요. 보통의 워치메이커에서 보기힘든 실험적인 디자인들이 많아서 꽤 흥미롭게 지켜보고 있는 모델들입니다. 어쨌든 저는 그중에서 Z013모델이 제일 맘에 들긴 하더라구요. 이것도 취급하고 있는 매장은 많지않은데, 갈때마다 혹하긴 합니다. 다만 가격은 200만엔 후반대로 꽤 비싸기도 하지만, 예전보다 브랜드선호도와 제품매력도가 많이 줄어든 상태로 중고가방어가 잘안되는 브랜드이다보니(거의 반값됨), 상태좋은 중고를 집는게 메리트가 높은 브랜드이지요. 역시 긴자답게 다양한 컬러의 슈퍼카는 자주보입니다.(떼빙도 자주보이고...) 한국과 다른점이라면, 의외로 젊은여성분들이 람보르기니/페라리/맥라렌 등을 타는 모습도 자주보인다는 것. 벨앤로스 쇼룸도 긴자에 크게 있다길래 찾아봤습니다. 매장 자체는 큰데, 은근히 잘 안보이는 곳에 입점되어있더라구요.(미츠코시 백화점이랑 가까움) 파일럿워치다우면서도 꽤 멋진 디자인의 BR05. 브랜드 생각안하면 정말 매력적인 모델이라고 생각됩니다. 특히 청판모델이 참 예뻤네요. 근데 벨앤로스에서는 꽤 높은 리테일가(80만엔대)이다보니, 이 가격대가 되면 보이는 다른 브랜드들이 많은 것이 문제입니다. 어쨌든 실물을 직접보고 착용해보면 정말 더 매력을 느낄 수 있는 시계였습니다. 어쨌든 오메가 스피드마스터와 함께 긴자의 시계산책을 다녀와보았습니다. 역시 많은 시계를 보아도, 오메가만한 인지도와 가성비를 가진 브랜드는 잘 없다는 생각이 듭니다. 최근 시계에 관심이 많아지다보니, 긴자(銀座)라는 장소의 메리트가 한층 높아지는 느낌이네요. 요즘 가장 아름답다고 느끼는 시계는 파텍필립의 그린컬로 월드타이머인데... 이것도 직접 보아야겠습니다. (아마도 12월에 초대받은 파텍필립의 월드타이머 파티에서 직접 보게될 것 같아요)  집앞의 이온마트집앞 마트에는 일본회사인 후지빵(フジパン)에서 '마늘빵'이라는 한국이름을 붙여서 팔고 있더라구요ㅎㅎ 최근 현대자동차도 일본시장 재진출을 선언하기도 했고, 젊은층을 중심으로 확실히 한국제품과 한류에 대한 프리미엄이 꽤 붙어가는 느낌입니다. 게 그라탕도 이렇게 한개씩 파네요. 그리고 피자와 제로콜라로 간단히 런치하기도 합니다. 마트피자인데 가격이 참 좋네요ㅎㅎ(500엔도 안함)​그러면 이번 포스팅은 마치고, 계속해서 도쿄드라이브의 일본여행/도쿄생활이야기는 계속되니 매일 방문해주세요^^ ","[15, 3, 16, 0, 1, 3]","0.9975072741508484,"
15,도쿄 리벤저스 만화 원화전 공식 개최 결정 비주얼 공개,https://blog.naver.com/ptj0969?Redirect=Log&logNo=222569321897,어제," 도쿄 리벤저스 만화 원화전 , 오사카서 내년 열려 티저 비주얼 공개와쿠이 켄 도쿄 리벤저스 원화전 TOKYO REVENGERS EXIHIBITION이2022년 1월 29일부터 2월 14일에 걸쳐 도쿄 이케부쿠로 선샤인 시티의월드 임포트 마트 빌딩 전시 홀 A에서 3월 19일부터 27일까지오사카 ATC 갤러리에서 개최되는 것이 결정되어 이 전시회의 티저 비주얼도 공개됐다.도쿄 리벤저스 EXIHIBITION은 도쿄 리벤저스 만화와 TV애니메이션실사영화를 소재로 한 하이브리드 원화전으로 와쿠이의 원화전시를 중심으로 작품세계를 체감할 수 있는 전시가 다양하게 예정되어 있고 관람객 특전으로 스티커 전 6종도 준비티켓은 일반 입장권외 상품 포함도 전개되어 로손티켓은 오늘 11월 15일 티켓 1기 추첨 신청이 시작전시내용 등의 정보는 원화전 공식사이트 및 공식트위터를 통해 수시로 올라온다.도쿄 리벤저스는 신쥬쿠 스완 등으로 알려진 와쿠이씨가 주간 소년 매거진에서2017년에 연재를 개시한 만화로서 인생 밑바닥의 주인공이 연인을 구하기 위해계속 도망친 자신을 바꾸기 위해 복수하는 모습을 그리며 중학교 애인 히나타가최흉 최악의 악당연합 도쿄만회에 죽임을 당했다는 것을 알고 인생의 절정이었던12년 전 중학교 시절로 타임리프하게 되고 TV 애니메이션이 49월에 방송되었으며 실사 영화가 7월 개봉됐다.﻿출처 : 코믹 나탈리 ​﻿인기 만화 도쿄 리벤저스가 공식 하이브리드 원화전을 개최하는 것이 확정​ 하이브리드 원화전으로 도쿄 리벤저스 원작 만화뿐만이 아니라 애니메이션과 실사 영화까지 죄다 포함하여전시한다고 하니 이 작품을 좋아하시는 분들에게는 멋진 원화전이 될 것으로 보이네요참고로 최근래 논란이 커졌던 성우 스즈키 타츠히사가 이 도쿄 리벤저스 주연 성우로서 활약하고 있었건만그쪽에 대해서는 아직 성우 교체가 될지 말지 이야기가 나오진 않은 상태라고 합니다.","[-2, 0, 1, 0, 1, 1]","0.14634926617145538,"
16,"[도쿄워홀 329日] 알바, 스시로, 필카 현상 결과물 ㅎ…",https://blog.naver.com/seol_4813?Redirect=Log&logNo=222570132877,어제,"2021.11.16 (화) 329일차​​​​6:30-11 도토루하 데마에칸 진짜,,,난 그 배달이 너무 싫어먼가 그… 암튼 싫음ㅋ 관둬서 요캇타​​오늘은 뭔가 맛난걸 먹지 않으면 정말 맥날에 가기 싫어서 = 걍 가기 싫음레타스독 하나 사먹고 13분 차 타고 감 ㅎ 훗​​11:30-16 맥날오늘은 그래도 시간 나름 빨리 갓다…토레센 하는데 음쓰 냄새 시벌…​​​그나저나 하가키 안오네연장완료된 하가키를 받고 연장이 안됏어요 구라치는 건 괜찮은데 뭔가 아직 하가키를 받지도 않고 연장이 안됏어요라고 말하는 건 좀…뭔차인가싶지만..흠​​ 아침에 알바가면서 내 블로그 보는데키치조지 로프트 사진 보고 진짜 화남아놔,, 저 담곰이 레어인형 다잇는거보소저땐 보고 한국판 잇으니까 이건 괜찮아라고 생각함바보새끼이제깨달앗다고…일본판은 다른 매력이 잇는데시발…이제없을거같은데…암튼 저거보고 키치죠지로 달려갈뻔함​​​​그리고 빅카메라 가서 현상 한 거 받아오기현상+스마트폰 전송이 샤룬데스 한개당 1100엔​​결과물은 개망… ㅠㅠㅠ하 ㅠㅠㅋㅋㅋㅋㅋㅋㅋㅋㅋㅋㅋㅋㅋㅋㅋㅋㅋㅋㅋㅋ​ …진짜안습인데 어딘지도 모르겟음아마,, 모리오카일거임…​ 오보나이료칸,,,이사진과 아래의 어떤사진으로 인해 교훈을 얻음필카는 이렇게 (인형을 저렇게 들고) 찍음 안되는것이다,,,쟤가 플래시를 다 먹엇어​애초에저기가좀어둡기도햇는데​ 이거 센다이… 인가? 모르겟음,,,또 교훈이런,, 전망대사진은 찍지말자,,어디가어딘지도모르겟다​ 인형들고찍지말자,,​ 티와이하버이건 좀 잘나온거같은데 데헷​ 글리코좀만 위로올리고싶다 사진을​​ 시바코엔​ 옛날우리집​ 이것도 실패작손가락보이시죠ㅠ..​ 이건 제프 하네다 쪽,,이런사진찍지말자,,,뭔지도모르겟다,,​ 글고 그다음교훈밤에 찍지말자이건 아마 우메다 호텔에서 찍은,,,거임..​ 이것도하네다,,,전망대사진찍지말자,,,​ 글고 이거대체뭐지햇는데ㅋㅋㅋㅋㅋㅋㅋㅋㅋㅋㅋㅋㅋㅋㅋㅋㅋㅋㅋㅋ그 롯폰기 스카이덱에서 찍은거임야외전망대 밤에밤+전망대 컬쳐크리~~절대망할수밖에없던사진​도쿄타워(그것도존나희미함)랑 하치와레대가리밖에안보여..​  하쿠산신사 수국​ 디즈니씨토이스토뤼​ 이거 그 토코로자와 호수​이런 전망풍경사진 노^^​ 지금우리집​ 옛날우리집 배경(오랜만이다^^)​ 나라에 유명한 건축물 도다이지엿나​근데 보면 다 날이 흐려보이지않나요​이날 날씨진짜개조앗는뎈ㅋㅋㅋㅋㅋㅋㅋㅋㅋㅋㅋㅋㅋㅋㅋㅋㅋㅋㅋㅋ​ 사슴공원​ 후쿠오카,,,다자이후 ? 아마..​​암튼,,,이 교훈들을 바탕으로 두번째 필카는 힘내보겟습니다 ㅠ​​스시로옴​ 아마에비군함​ 방어뱃살이랑무슨 기간한정으로 게축제중개타르타르랑차완무시에도 개다리 들어잇다의외로튼실​​​ 오늘역대급12접시2000엔넘엇죠~​아니근데이제스시로안올듯이샠기들메론소다말곤 잇는게 없음연어양파도없고아부리연어 아부리새우 이런것도없음 개노답 ㅗㅗㅗㅗㅗ​쿠라가훨낫다연어양파 아부리어쩌고 저렴한 우동​ 드디어 내일 도토루 마지막,,존나행복하다진짜​코지코너에서 제일 싼거 하나 삿다이거사면서내가이렇게가성비녀엿구나 싶엇음ㅎ​ 하가키는 무슨보험 쓸수없게된다고 옴ㅋㅋㅋㅋㅋㅋㅋㅋㅋㅋㅋㅋㅋㅋㅋㅋㅋㅋㅋㅋ​ 오~낫배드 이건 현상하면 이렇게 필름도 준당신긔​​​빨리 내일이 지나면 좋겟당 ㅎ​ 어제 메지로쪽 로손에서삼 ㅎ​ 이거좀비싼데궁금해서삿는데엥 타피오카ㅋㅋㅋㅋㅋㅋㅋㅋㅋㅋㅋㅋㅋㅋㅋㅋㅋㅋㅋㅋ 들엇다길래 먹어봣더니 아니..쫀득함이라곤 개나준 그냥 곤약 들어잇음 장난??맛은 그냥 저 키나코초콜릿 맛이랑 똑같 ","[-1, 0, 1, 0, 0, 1]","0.0648728609085083,"
17,북경어언대학교 도쿄분교 8가지 매력,https://blog.naver.com/u_hakseang?Redirect=Log&logNo=222568570140,2일 전,"​ 일본유학 중국유학북경어언대학교 도쿄분교​ ​​중국의 북경어언대학교는1962년 중국에서 외국인을 위한중국어 교육을 목적으로 한고등교육 기관으로 시작을 하게 되었어요.북경어언대학교가 창립되어2012년에는 태국 방콕분교가 설립,2015년에는 도쿄분교가 설립되었어요.​​최근 해외로의 유학, 해외 대학에진학을 목표로 하는 분들은졸업 후 해외 취업까지 계획하고 있는 분들이 많은데요,보다 경쟁력 있는 글로벌 인재로성장하기 위해서는유학을 선택하는 국가의 미래성도 확인할 필요가 있어요.​​대학에서 한 가지의 언어만을 배우는 것이 아닌중국어와 일본어를 배우며2년 차부터는 본교인 중국에서의 학습이 가능한북경어언대학교 도쿄분교를주목해야 하는 이유에요.​​​ ​​북경어언대학교 도쿄분교의8가지 매력​​①작은 유엔으로 불리는 국제형 대학​외국인 유학생을 대상으로중국어, 중국어 문화 교육을 주요 목적으로설립된 북경어언대학교는창립 이래 183의 국가 지역으로부터유학생을 받아들이고 있어요.다양한 언어와 가치관이 공존하며'작은 유엔'으로 불리게 되었어요.​​②문부과학성 지정의 외국대학교 일본분교​졸업생은 일본의 대학원 입시 자격,일본의 대학과의 단위 호환 등일본 대학의 졸업생과 동등하게 인정돼요.​​③높은 레벨의 중국어 교육​중국에서 중국어로 배우는 직접 교수법,참가형 소수정예 수업을 채용하여외국인 유학생을 위한높은 레벨의 중국어 교육 실적을 가지고 있어요.북경어언대학교 도쿄분교는북경 본교의 커리큘럼을그대로 채용하고 있어요.​​④국제적인 환경​세계 학생들이 함께 하는 캠퍼스 라이프는국제적 환경을 자랑해요.​​⑤도쿄에서 북경으로의 이동 캠퍼스​유학 조건을 만족하는 희망자 전원은북경의 본교로 유학을 하는이동 캠퍼스 제도를 이용할 수 있어요.​​⑥해외 유학제도가 충실​북경어언대학교 본교 이외에도8개국 100교 이상의 교육기관으로단기 어학연수 등 유학제도가 충실해요.​​⑦캐리어 서포트 체제​입학 후 바로 장래에 대해 구상하는필수 캐리어 과목을 시작으로세미나, 강좌, 취업 활동 지원 등을 이용하여자신의 장래 설계를 세워 나가요.​​⑧졸업 후의 활동​대학 4년간중국어+일본어+전문적인 지식+국제적 시야를 갖춘 인재로 성장할 수 있어요.졸업생은 다양한 분야의 학술 연구와비즈니스의 최전선에서 활약하고 있어요.​​ ​​중국 그리고 일본, 모국 등다양한 국가에서 활약할 수 있는북경어언대학교 도쿄분교에서여러분의 꿈을 시작해 보세요!​​​​ ​​​​2022년도 유학생 입시요강[4월학기] 2021년 8월 2일-12월 17일[9월학기] 2022년 4월 4일-6월 24일​​​​ 북경어언대학교 도쿄분교 팜플렛은댓글에서 확인해 주세요​​​더 많은 일본 소식은 월간유학생을 봐 주세요! ​ ","[3, 1, 1, 2, 0, 0]","0.9604910612106323,"
18,"[도쿄 워홀]D+295 황금빛 가을, 카와구치코 feat.자전차왕... ",https://blog.naver.com/dlawlals87?Redirect=Log&logNo=222565439252,6일 전,"오늘은 충동질로 버스표 끊은 카와구치코 가는 날^^일기예보도 안보고 아 갈까? 가야징ㅋ 한건데사스가 하레온나 오늘 날씨 최고~​ 버스타고 도쿄에서 한 두시간정도 걸린 것 같다!여러분 카와구치코 갈거면 무조건 버스 왼쪽 맨앞! 후지산 잘보여요!! 처음 본 후지산은 진짜 웅..장 그 자체였다왜 일본인들이 후지산을 그렇게 자랑스러워하는지 알 것 같음.......후엉.....말로 표현 못할 뭔가 가슴이 탁 하고 풀어지는 느낌! 그리고 이녀석은 오늘 나와 함께할 녀석.가자 니 이름은 막시무스!막시무스 : 뭐야 나 막시무스 싫어요;;​전동 빌릴까 하다가 그냥 일반 했는데지금 약간 다리에 감각 없다^^ 부릉부릉~ 경로를 탐색합니다^^ 딱 단풍 예쁘게 필 시기다🥺🥺가을은 빨강도 노랑도 아닌 황금빛이라고 생각하는데,딱 강렬힌 햇빛을 받으면 빨간 잎사귀도 노란 은행잎도 물도 사람도 금빛으로 강렬하게 빛나지 않냐구요🥺나에게 가을은 황금색인데,카와구치코의 오늘 역시 황금빛으로 찬란했다🥺🥺 막시무스와 나^^저 자전거 개좋았다 기어 엄청 조였다 풀다가 했는데도달칵거리는거 하나 없이 완전 스무스;;;​막시무스 : 뭐야 싫다고요;;; 막시무스와 후지산^^​자전거 타고 굴다리 하나 지나는데, 딱 그 굴다리 지나자마자 바로 후지산이 쾅!바로 잇몸 만개.....후지산을 등지고 마주보고 옆에 두고 달리는 이 기분 뭐지?막 울망울망 살랑살랑 행복한 이 감정 뭐지🥺🥺 정말 어딜 봐도 후지산!ㅠㅠㅠㅠㅠㅠㅠㅠㅠ 막시무스와 나2 ♡♡♡​막시무스 : 뭐야 떨어져요;;;​혼자 놀아도 사진은 참 잘 찍고 다니는 애. 그리고 열심히 또 페달 밟아서 단풍회랑 도착! 색감 실화냐지금 딱 단풍축제중이라 사람도 꽤 있었다ㅠㅠㅠ청명한 하늘, 햇빛, 알록달록 낙엽 최고야..... 단풍과 후지산 막시무스 : 뭐야 집에 갈래요지민 : 어림없지 이놈아 헤헤 오오이시 공원까지 와버렷~10시 반쯤 자전거 빌려서 4시 반까지거의 6시간ㅋㅋㅋ을ㅋㅋㅋㅋㅋㅋㅋㅋ자전거롵ㅋㅋㅋㅋ아웃겨ㅋㅋㅋㅋㅋㅋㅋㅋ 체력 보충을 위해 라벤더아이스도 뇸뇸 히히달고 상콤하고 맛있었따 여기도 저기도 다 후지산 이 말도 안되게 눈부신 풍경아🥺🥺 이 카와구치코대교를 몇번이나 자전거로 오갔다.그냥 내가 후지산을 마주보고 달리는게 믿기지기 않아서봐도 봐도 황홀해서 ㅠㅠㅠㅠㅠ​다리 : 저는 정신이 혼미한데요?눈 : 닥쳐 여긴 노랑파티♡ 역으로 돌아가는 길에 보이는 카페 들어와서아이스 아메리카노 호롭!사장님 넘 친절하시구 무엇보다 호수뷰라 완전 뷰맛집 ㅠㅠㅠㅠ 오늘 행복해요♡ 돌아가기 아쉬워서 역방향으로 자전거로 한번 더 돌아주기ㅠㅠㅠㅠㅠ어쩜 가을아 너는 왜이렇게 사랑스럽니..내가 가을 겨울을 좋아하는 이유는그 가을 겨울 특유의 바람소리..마른 낙엽을 스치는 그 바스락거리는 바람소리가 너무 좋아서ㅠㅠ​한산했던 카와구치코의 갈대숲을 지날 때잠시 멈춰서 한참을 그 바람소리만 들었다ㅠㅜㅜㅜ이게 가을이구나 진짜 가을이구나...​도쿄 너네는 언제 가을이니? 아쉬움을 뒤로한 채 역으로🥺이 열차는 쇼와 4년....무려 1926년에 만들어진 열차! 손톱달과 해질녘과 후지산..겨울에 1박으로 또 올까아..🥺🥺​남겨 놓을 아쉬움 조각 하나는 여기에 툭~​​++아니 버스에서 내렸는데다리에 힘잌ㅋㅋㅋ힘이 툭 풀려버려섴ㅋㅋㅋㅋㅋㅋㅋ와 진짜 어기적..어기적...ㅋㅋㅋㅋㅋㅋㅋ자전거도 원래는 좀 더 타고싶었는데꼬리뼈 입장을 좀 들어봐야 할 것 같아서ㅋㅋㅋㅋㅋㅋ빠른 퇴장...후후...​++엄마랑 다음에 꼭 와야징​#도쿄워홀 #도쿄워킹홀리데이 #일본워홀 #일본워킹홀리데이 #카와구치코 #가와구치코 #후지산 #일본여행 #도쿄근교 #도쿄근교여행. ","[7, 3, 3, 0, 2, 0]","0.8366168141365051,"
19,매봉역 맛집 청사과 소르베 도쿄등심 도곡점,https://blog.naver.com/jjy790888?Redirect=Log&logNo=222569520153,어제,"디너코스 B 으로 먹었어요남편과 저 둘이서 간만에 데이트 하는느낌으로 먹었는데 분위기가 정글에서 먹는 세련된 느낌을 가질 수 있는매봉역 맛집 멋진 공간이였어요롯데씨네마 도곡 2층에 있는데요주차장이랑 연결이 되어 있어서주차하고 바로 들어갈 수 있었어요고급스러운 요리가 순서대로 착착 나오니까 서로 이야기 나누면서 천천히 음미하면서먹기에도 좋고 상견례 또는 소개팅 장소로도좋아보였어요 완전 고급스러움이 팍팍 느껴진답니다 지금은 고기랑 반찬이 나온 모습이고요 반찬들도 하나씩 맛을 보니 두루 다 맛있더라고요여긴 디너b코스라서 음료 대신으로 아이스크림으로도쿄등심 도곡점 입가심을 했어요​한우구이 > 3가지 한입요리한우 카르파쵸  > 참치 아보카도크림 새우 고로케 > 한우육회한우미역국 > 양갱 녹차 아이스크림   안심, 등심, 살치살이 나와요 그리고 임실치즈버섯, 아스파라거스, 올리브고기가 볼때마다 마블링이 어쩜 이렇게 어여쁘게 생겼을까 라는 생각을 항상 하게 되네요 콜키지프리 가능하니까 맛나는 와인도 챙겨가 보세요분위기 좋은 곳에서 맛나는 식사 하니까한층 기분 업그레이드가 되어서 또 이렇게 멋진 곳에 기념하고 싶은 날에 가야겠다는 생각을 하게 되더라고요  참치 아보카도 안쪽으로 아보카도가 있어서 겉으로 보기에는어디 있지 하실 텐데요 안쪽으로 꽈악 차있어요 그리고 소스에 담겨 있으니까 수저로 떠서 먹는다고 보심 되고요 새우 크림 고로케 이건 런치나 디너에서 모두 볼 수 있는 것으로겉바속촉 겉에는 정말 너무 바삭거리고요속은 뜨거우면서 부드러운 크리미한 맛이정말 예술이에요 이건 먹을 때마다 반하게 되더라고요와사비마요소스 같아 보이는 것에 찍어서먹으면 맛이 두배로 더 맛있어요지금도 보고 있으니까 군침이 마구 도네요  3가지 한입요리가 나왔어요 이름을 하나씩다 말씀해 주셨는데 워낙 고급스러워서한번 듣고 잊어 버렸네요 여하튼 각각독특하게 생기면서도 어여쁘고 그냥 다 맛있다라고 밖에 못하겠어요 그만큼 고급스러운 입맛 돋워 주는 맛이고요  한우 카르파쵸 이런 스타일은 평소에 흔하게 먹을 수 없는거라서 그런지 더욱 더 멋스러움이 묻어 나더라고요 이미 우리 남편이 육회를좋아해서 그런지 이거 나올 때 부터너무 맛있어 하더라고요 그리고 채소와도 너무 잘어울리는 궁합이더라고요 이 때 나이프도 같이 포크와 나와서 썰어먹는야채가 재미났어요  한우육회배와 같이 나오는데요 남편은 오늘 먹은거 중에서 이것이 제일 맛있다고 하네요워낙 결혼식 뷔페가도 꼭 떠오는 것이기도 하고 그래서 그런지 담백하니 자극적이지않게 먹기 좋아서 배랑 너무 잘 어울리더라고요 뻥튀기 식감이 오묘하게 잘 어울리더라고요 배는 투명한 빛깔이 이쁘고요 고기 먹기 전에 입가심으로 먼저 나오는 거라고하네요 생각보다 더 새콤하고요 지금도 이거 보고만 있는데도 침 고이고 그래요 그만큼 상큼 발랄한 맛으로 먹기 좋아요  양갱 녹차 아이스크림소의 해구나 새삼 느끼게 되네요 귀엽기도 하고어여쁜 살색으로 너무 달지 않고 부드러운맛으로 귀여워서 먹기 아깝더라고요크런키가 녹차 아이스크림이랑 너무 잘 어울리고요이쁜데 머리부터 잘라서 먹는데 미안하더라고요 방문 기록 남기는 곳에 벨이 있으니까 호출을 해서 자리를 고르시면 되요 홀도 있고룸도 있으니까 단체로 가실 경우에는도쿄등심 도곡점 방으로 가시면 되고요  Previous imageNext image 독특한 곳으로 그러면서도 세련되고 자연미까지공존을 하는 곳이더라고요 마치 외국에 온 듯한 느낌을 가질 수 있는멋진 장소에 가서 먹으니까 더욱 기억에 남고요궁전같이 그린과 골드의 만남이 어쩜 이리도멋이나는지 뇌리에 팍 꽂히는 장소더라고요  룸이 아홉개가 있으니까 요즘 같은 코시국에는일행들과 방에서 먹는것도 좋은거 같아요 한방에 14명까지 들어갈 수 있다고 하니 시국이좀 더 나아지면 가족들 모임이나 회사동료 들과함께가서 프라이빗하게 맛있게 먹어도 좋겠죠! 선인장도 있고 몇몇은 조화같기도 하고 생화 같기도하고 그정도로 정교해서 만져보지는 않았지만밀림에 와 있는 그런 느낌이 들고 포인트로원숭이도 있더라고요 그래서 너무 멋지게 다가오기도 했고요 안쪽으로 들어가면 룸이 나와요 저희는 자연광이도쿄등심 도곡점 좋은 창가 자리로 앉았어요  자리에는 수저와 젓가락이 놓여 있고 물병과 물잔, 그리고 손소독제, 티슈와, 물티슈핸드폰 충전기도 있어요 은색의 긴병의 물병도 너무 멋스러워 물을자꾸만 먹게 되더라고요   도쿄등심 도곡점 런치와 디너 메뉴 올려봐요와인이나 드링크 종류들이 더 있고요 메뉴판도 참 고급스러워 보이더라고요  Previous imageNext image 먼저 연어부터 먹고 마무리로 전복으로 먹으면 된다고 알려주심어항 같은 곳에는 흰색의 하얀콩이 담겨 있고조개 위에 어여쁘게 놓여 있는예쁜 예술 작품 같이 다가오더라고요 그리고 감태에 육회가 올라가고너무 멋져서 보면서도 그리고 맛으로도  Previous imageNext image 아삭거리면서도 소스가 상큼한 느낌이라서프레시한 느낌으로 카르파쵸와 먹기 좋고이 사시미의 맛이 너무 좋았어요 짜거나 싱겁거나 그러지 않고 딱 적절한 간에 야채와의 만남이 딱이였어요  Previous imageNext image 동그랗게 어쩜 이렇게 어여쁘게 마치 무쌈말이처럼 해서 나오는지 이것도 안 먹어본거라서 그런지 부드러운 식감에 소스와의만남이 제격이고요 소스의 맛은 간장이 들어간맛으로 한사람에 두개씩 먹을 수 있게 주시고요 하나 하나 나오는거 마다 고급스러움이 묻어 나고요 정말 오늘 저의 생일인가?!싶을 정도로 제대로 고급스러움을 맘끽했네요 고로케는 뜨거워서 소스에 찍어서 살짝 한입 먹고나서개인접시에 올려서 반 쪼갰어요내가 아무리 맛나는 요리를 해도 차리고 나면어느정도 식기 때문에 이렇게 뜨거운 음식을간만에 먹어서 더 맛있게 다가오더라고요 겉에 보시면 정말 너무 바삭해 보이죠  Previous imageNext image 저는 육회 별로 안 좋아하는데 여기는 정말 맛있어서 젓가락이 쉬지를 않네요제대로 음미할 수 있는 시간이였어요 먹다보니 딸 생각이 날 정도로 맛있더라고요 나중에 같이 가서 먹고 싶다고 할까나요!그저 너무 알록달록 어여쁘다 라는 생각만날뿐~ 도쿄등심 도곡점 맛있어 상큼 발랄해! 이렇게 밖에 표현 못하는 것이 아까울 정도로정성스러운 느낌의 에파타이저 였어요  샤벳 스타일이구요 벌써 청사과가 나오구나그랬네요 요즘 마트에 과자 사러 가는거말고는 잘 세세히 보지 못해서 그런지 더욱 더맛깔나게 생긴 비주얼에 반하지 않을 수 없었고 정말 아이도 같이 먹으면 너무 좋아했겠구나라는 생각이 드는 고급스러운 디저트였어요  Previous imageNext image 반찬들도 함께 나오고요 여기 반찬들 다 맛있어요 단무지 채 썰은거, 그리고 와사비/명이나물다진거, 숙주나물, 아삭이고추무침김치, 오이, 소금 이렇게 있고요오이 평소에 별로 안 땡기는데 여기 오이는정말 딱 맛있는 단맛 신맛 골고루 갖춘 오이맛이였어요 Previous imageNext image 자 이제 고기가 나왔어요 어여쁘게 비주얼 좋게 담겨 나오는거 자체만 봐도 대접 받고 있구나 라는 생각이 드는 그런 스타일로 안심은 색이 진짜 빨간색이네요 드리고 등심과살치살 임실치즈도 너무 좋아해서 고기 위에 올려서 먹는 그 쫄깃함이 정말 오랫만에 먹은 치즈라서 더욱 더맛있고 제가 치즈 중에서 가장 좋아하는 거라서그런지 지금도 보는데 또 땡기네요   정말 풍미있게 먹기 너무 좋네요 정말 한점 한점 모두 다 맛있는거 있죠고기도 구워주시는데 너무 맛나게 잘 익혀주세요굽기정도도 물어보시는데 미디엄레어로 하시면 되요 파채도 어쩜 이리도 맛나는지 참기름이 듬뿍신선한 것이 들어갔는지 정말 고소하더라고요 거기에 고기랑 같이 먹으니까고기가 끝도 없이 들어갈 것만 같은 느낌이랄까요  3대진미 푸아그라, 트러플, 캐비어 세가지 중에서푸아그라는 오리가 아닌 닭으로 맛을 보고나머지는 다 먹어봤는데 이 귀한것까지나오니까 또 더 기분 좋네요 트러플은 검은색, 흰색으로 있는데 이건 검정색이에요내가 이런거 먹어도 되나 싶을 정도로도쿄등심 도곡점 평소에 만나기 힘든 식재료 이기도 하고요  송로버섯까지 임실치즈와 살치살 이렇게 삼합으로 먹으니까 입에서 침샘 터지고육즙 빵빵에 거기에 쫄깃한 치즈의 식감까지정말 너무나 고급스럽더라고요 고기 가장 빠르게 맛나게 먹는 방법은 이 소스에 찍어 먹으면 고기 맛있어요 풍덩 담궈서먹어보세요 불고기양념 또는 스테이크 양념같은 맛이라고 보심 되요  Previous imageNext image 자 이젠 고기 구울 준비가 되었어요 한상 가득 여러가지 골고루 있어서 코스로 여러가지 맛을 볼 수 있어서 뷔페 가는거 보다 훨씬 저는 좋더라고요 준비된거 딱 봐도 맛있어 보이죠특별한 날에 가서 먹기에도 좋고요 누군가에게좋은 요리를 주고 싶을 때도 같이가서 먹기에도 딱이랍니다  Previous imageNext image 한입크기로 구워주니까 바로 육즙 잘 머금게철판 위에서 구워 주고요 맛깔나게고기 식감 좋게 질긴거 하나 없이 마지막까지먹을 수 있었어요 남편은 등심을 좋아하고 저는 안심을 좋아해서서로 싸우지 않게 먹을 수 있기도했고요 그리고 무엇보다 둘다 다 맛있더라고요  간만에 먹은 미역국도 너무 맛있네요 정말 오랫만에 미역국을 먹으니까 너무 부드럽고 맛있더라고요 부들부들하니 미역에 고기도 넉넉하게 들어가 있고요 밥은 이미 앞에서 여러가지많이 먹어서 작은 공기 밥한그릇이나와요 혹시 부족하시면 더 달라고 해도 될거 같네요미역국이 마지막까지 뜨끈하게 먹을 수 있더라고요 저는 엉덩이쪽으로 먼저 먹고 그다음에 머리쪽으로먹었네요 실감 나는 모양이면서도아래 녹차 아이스크림이 너무 맛있었어요31 거기보다 저는 더 맛있더라고요무슨 크런치 같은 것이 발라져 있어서 씹는 질감이있어서 도쿄등심 도곡점 더 맛있게 먹을 수 있었고요  도쿄등심 도곡점서울특별시 강남구 남부순환로 2753 롯데시네마 도곡관 2층 처음부터 마무리까지 너무 맛나게 먹을 수 있는시간이였어요 지금 내내 침 고이는거 겨우 참고 있네요크리스마스가 다음달인데 가족과 함께 외식을하기에도 좋고요 연말에도 가기 딱 좋은 곳이였어요자가용으로 갔어요 한시간까지 되고, 나머지는10분당 1000 입니다대중교통으로 가면 바로 근처라서 와인과곁들여서 드시고 싶다면 차를 두고 가서매봉역 맛집 데이트 하기에도 좋아요​+업체로부터 식사권을 제공받고 작성한 포스팅+ ","[49, 20, 16, 0, 5, 1]","0.4325125217437744,"
20,"광교 소고기 도쿄등심 - 앨리웨이 맛집, 원천호수 맛집",https://blog.naver.com/dondogi?Redirect=Log&logNo=222560816894,6일 전,"광교에 간 김에 점심을 먹으러 앨리웨이(Alleyway)에 갔다. < 광교 앨리웨이(Alleyway) - 1 >요즈음 광교가 우리 인생에 두 걸음쯤 들어와 있다. 몇 명 없는 고향 친구 중에 한 놈 부모님께서 광교로 이사를 오셨고, 부모님을 뵈러 친구 놈이 꽤 자주 올라온다. 이상하네, 이놈이 이렇게 효자가 아니었는데? 내가 너무 띄엄띄엄 보았나? 여하튼 사흘 전에 부모님을 뵈러 광교에 올라온 친구 놈 가족을 만나서 서초동 국제전자센터 9층에 가서  신세계도 구경하고, 홍대와 연남동 등지를 거닐고, 원조 홍스쭈꾸미에서 저녁과 함께 소주도 한잔했다. 국제전자센터 9층은 그놈 딸내미가 살 것이 있다고 해서 갔는데, 완전히 별나라였다. 세상에 이런 데가 다 있었나 싶을 정도로 특이한 공간이었다. 내 인생이랑 너무나 동떨어진 취미라서 뭐라 설명도 못 하겠다. < 광교 앨리웨이(Alleyway) - 2 > 도쿄등심에 갔다. 그 맛집이 많은 앨리웨이를 두 번 갔는데 두 번 모두 도쿄등심이었다. 이것도 나이를 먹을 만큼 먹었다는 증거일까? 이제는 한 번 좋았던 식당이 있으면 질릴 때까지 그곳만 가게 된다. 소싯적에는 일부러 안 갔던 식당을 찾아다녔는데 신기할 정도로 그 마음이 싹 가셨다. 물리학적으로 음식 섭취량이 줄어서 그런 것 같기도 하다. 무쇠일지언정 소처럼 먹어 제치던 그때와 달리 지금은 한 끼를 실패하면 그날은 기분이 꽝인 채로 다음 날을 기다려야 한다. 당최 배가 안 꺼져서 환장할 것 같은 저녁을 열두어 번 보내고 났더니 이제는 정확하게 입맛에 맞는 것을 우선 고려하는 우리로 바뀌었다. 사흘 전에 친구 놈이 부모님을 모시고 점심을 먹어야 하는데 어디가 좋을지 물어보기에 이 집을 가르쳐 주었다. 친구 놈도 그럴지 모르겠으나 우리 같은 경우는 옛날이나 많이 나오는 그런 집이 좋지, 요즈음은 도쿄등심 같은 집이 훨씬 만족스럽다. 하나가 나와도 제대로 나오고, 종업원이 챙겨 주는 집이 좋다. 친구 놈이 이 집에 갔는지는 모르겠다. 오늘 내려간다는데 나중에 전화해서 한번 물어보아야겠다.  점심 식사에는 A, B, C 코스(Course)가 있고, 이번에는 A 코스를 먹었다. 제일 싸서 그런 것은 아니다. A 코스 같은 경우 1인분에 45,000원이고, 커피(Coffee) 또는 음료수 한 잔과 함께  입이 즐거운 한입요리, 도쿄등심 특제 크림 새우 고로케(コロッケ), 주인공인 한우 등심 스키야키(すき焼き, すき燒き), 제대로 끓여 낸 한우 미역국과 밥이 나온다. 우리는 스키야키를 먹어도 친구 놈한테는 B코스를 먹으라고 이야기해 주었다. 부모님까지 모시고 가는데 스키야키는 조금 약할 것 같았다. 아들내미가 소고기를 사 주겠다는데 기본적으로 굽는 것을 상상하시지 않을까 싶었다. < 오전 11:30분, 도쿄등심 광교 >가장 먼저 음료수가 들어왔다. 나는 코카콜라(Coca Cola)고, 은영이는 파인애플 환타(Pineapple Fanta)고, 따뜻한 물은 원래 나오는 것이고, 만약 음료수가 부족하면 도쿄등심 카카오톡 채널(http://pf.kakao.com/_KgbPs)에 등록하면 된다. 음료수 또는 와인(Wine) 한 잔을 무료로 준다. 어떤 SNS라도 등록할 때마다 한 잔씩 주는 그런 행사를 했으면 좋겠다. 한 번 등록하고 나니까 우리랑은 영 먼 이야기가 되어 버려서 그렇다. 바로 이어서 입이 즐거운 한입요리가 들어왔다.  카프레제(Caprese)라는데 생김새와 구성이 우리가 아는 카프레제와 딴판이었다. 토마토는 그냥 토마토가 아니라 매실액에 절인 방울토마토(Tomato)였고, 치즈(Cheese)도 모차렐라(Mozzarella)가 아니라 리코타(Ricotta)였고, 여기에 채소와 꽃잎을 살짜기 곁들여서 보기도 좋고 씹는 느낌도 제대로 나게 만들었다. 카프레제가 담긴 그릇도 예술이었는데, 스페인(Spain) 어디에서 본 것 같은 문양으로 굽이 높은 사기 중발이 사용되었다. 그 감각이 참 놀라웠다. 다음으로 크림 새우 고로케(コロッケ)가 들어왔다. 크림(Cream)과 새우를 넉넉하게 섞어서, 튀김옷을 곱게 입혀서, 바삭바삭하게 잘 튀겨 냈다. 개인적으로는 새우말고도 씹히는 무엇이 더 있으면 좋겠으나 어떤 사람은 부드러운 크림 맛에 환장할 수도 있으니까 넘어간다. 길쭉한 접시 중앙에 줄지어 앉아 있는  고로케(コロッケ) 모습에서 예전에 우리가 호주 애서튼(Atherton)과 태국 피피 섬(Phi Phi Islands) 등지에서 탔던 카누(Caneo) 생각이 났다. 그 넓은 티나루 호수(Lake Tinaroo) 위, 피피 섬 바다 위를 노닐던 좋은 날이 바로 엊그제 같은데 손꼽아 보면 어언 10년 전이고, 5년 전이라니 놀랍다. 하기는 여행 쪽으로는 벌써 잃어버린 세월이 2년이니 2년을 감해야 하나? 전복 껍데기가 고로케를 정성스럽게 받치고 있어서 더 그날의 카누를 닮아 있었다.  다음으로 주인공인 '한우 등심 스키야키(すき焼き, すき燒き)'가 들어왔다. 각종 밑반찬과 채소, 날계란 등도 따라 들어왔다. Previous imageNext image 종업원이 불판을 달구기 시작했고, 충분히 뜨거워지자 먼저 자라메 설탕(ざらめ糖, 자라메당)을 흩뿌렸다. 알이 굵은 흑설탕 같았다. 그리고 그 위에 고기를 3분의 1쯤 올린 후, 바로 특제 묽은 간장을 살짝 끼얹어서 졸여 가며 구웠다. 설탕을 먼저 뿌리는 것도 낯설고, 자라메 설탕이라는 이름도 낯설고, 묽은 간장을 끼얹어서 굽는 것도 특이했다. 일본에서 스키야키를 먹은 적이 없는 우리는 이런 것이 다 스키야키려니 생각하고 잠자코 군침을 삼키며 대기했다. 다 익었는지 종업원이 고기를 집어서 은영이와 내 앞접시에 올려 주면서 날계란에 찍어 먹으라고 했다. 그렇게 먹어 보니까 우리 입맛에는 많이 허전해서 밑반찬에 딸려 나온 시치미(七味唐辛子, 칠미당신자, しちみとうがらし)를 곁들였더니 훨씬 맛있어졌다. 소금이 따로 나오지 않는 상황에서 시치미까지 없었으면 이 좋은 고기의 풍미를 제대로 못 누릴 뻔했다. 고기는 부드럽고, 날계란은 고소하고, 시치미는 알싸하고, 그러면서도 고기 질이 무척이나 좋아서 고소함도 알싸함도 거들기만 하는 분위기였다. 이날 먹은 고기는 1++ 등심이다. 그것도 그냥 1++ 등심이 아니라 진공 상태로 포장해서 수온 1.2도 수족관에서 21일간 숙성한 1++ 등심이다. 그냥 먹어도 입에 살살 녹을 고기를 이름하여 워터 에이징(Water Aging)으로 숙성까지 시켜 놓았으니 어떻게 요리해도 안 맛있으려야 안 맛있을 수 없는 존재인데, 그런 존재를 무항생제 유정란 날계란과 일곱 가지 좋은 재료로 만든 시치미로 거들었으니 뭐 거의 이 세상 맛이 아니었다고 보면 된다.  이렇게 한 번 고기를 맛보여 주고 나서 종업원이 본격적으로 스키야키 요리에 나섰다. (1) 고기와 같이 들어온 채소, 버섯, 두부, 면 등을 불판에 몽땅 올렸다. (2) 그 위에 묽은 간장을 흥건히 부어서 팔팔 끓였다. (3) 3분의 2쯤 남은 1++ 등심을 샤부샤부(Syabusyabu)로 익혀 먹으라고 일러 주고 떠났다. (4) 곧이어 한우 미역국과 밥이 들어왔다. (5) 샤부샤부로 익힌 1++ 등심과 이미 육수와 하나가 된 채소과 버섯 등이랑 밥을 먹으니까 참 맛있었다. 스키야키는 한마디로 일본식 전골이다. Previous imageNext image 다 먹었다. 점심 식사라서 후식은 따로 없다. 계산을 하고 나서서 앨리웨이를 잠시 돌아보았다. 위로 아파트가 엄청나게 솟아 있어서 그런지 상점들이 우리 동네보다 조금 더 고급스러워 보였다. 한 40층씩 되려나? 아파트 자체가 거의 마천루급이었다. 우리는 무슨 시골 사람이 서울을 돌아보듯 앨리웨이를 거닐다가 버스를 타기 위해 떠났다. 원래는 입가심으로 옆에 있는 꽈배기 집에서 꽈배기를 먹을 생각이었는데, 그것은 어디까지나 들어가며 출출할 때 가진 생각이고 나설 때는 이미 배가 불러서 먹고 싶다는 생각이 전혀 나지 않았다. 이래서 화장실에 들어갈 때 마음과 나올 때 마음이 다르다고 하나 보다. 장안공원에서 900번으로 갈아타고 집으로 왔다. https://tv.naver.com/v/23383147 Previous imageNext image< 광교 앨리웨이(Alleyway)와 도쿄등심 > < 거의 마천루급 아파트들 >< 장안공원에서 버스를 갈아타며... >< 참 잘생겼네. >도쿄등심 광교점경기도 수원시 영통구 광교호수공원로 80 광교앨리웨이 3층 310호 https://blog.naver.com/dondogi/222209984181 : 광교 소고기 도쿄등심 - 결혼기념일 기념으로 코트를 사러 간 신세계, 광교맛집​*****​#앨리웨이맛집 #도쿄등심광교 #광교맛집 #광교소고기 #광교데이트 #광교스키야키맛집 #스키야키맛집​*****​https://in.naver.com/dondogi [네이버 인플루언서] 역마살살려면 돌아다녀야 한다, 돌아다니는 것만이 살 길이다.in.naver.com ","[35, 9, 20, 2, 3, 0]","0.9665652513504028,"
21,[랜선 타고 일본여행] 도쿄... (カレッタ汐留 展望台)【도쿄】,https://blog.naver.com/nanzzang00?Redirect=Log&logNo=222569198533,어제,"smartparty.jp곤니치와 ~^^""일본여행 크리에이터 난짱이야.​​먼저 매번 말했듯이 이 글은 편의상 반말로 쓰는 것에 대해서는 미리 양해를 구할게. 여기는 나만의 공간인 만큼 내 방식대로 소개하고 싶어~* 이해해 주길 바래^^""​코로나19를 계기로 세상은 급격히 언컨텍트시대(비대면,비접촉)로 접어들고 있어, 게다가 최악의 한일 관계와 앞으로도 상당히 오랫동안 일본은 코로나19 사태에서 빠져나오지 못할 것이란 전망이 지금의 현실이지. ​700번이 넘는 일본 출장(일본 가이드)을 다녔지만 지금과 같은 현실에 처음에는 많이 당황스럽고 혼란스러운 마음뿐이었어. 일본 가이드로서 앞으로 어떻게 살아가야 하는 것에 대한 고민도 많았지. ​현실은 최악이지만 나는 ""일본 여행 가이드""라는 직업이 무엇보다도 맘에 들고 재미가 있어. 그래서 내가 당장 할 수 있는 일에 집중하자라는 생각에 이 코너를 만들어 봤어. 일본인이 알려주는 일본 추천 관광지, 가볼 만한 곳, 여행하기 좋은 곳, 명소, 여행지 추천 등을 일본 여행 큐레이터로서 안내해 주고 싶은 거야. ​언제쯤이면 다시 손님들을 모시고 일본 여행을 떠날 수 있을까? 비록 지금은 일본 여행을 떠나지 못하지만 영상으로나마 마음을 달래 보려고 해. ​물론 아직까지도 곱지 않은 시선들이 많은 것도 알고 있어. 하지만 우리가 미워해야 할 대상은 이웃나라 일본 사람이 아닌 반성할 줄 모르는 일본의 우익단체와 새로 출범한 기시다 정권이라는 것을 잊지 않았으면 해. ​​어디까지나 세계는 힘의 논리가 지배하는 세상이야. 감정보다는 냉혹한 현실에서 자국의 이익을 위해 보다 큰 시선으로 세계를 바라볼 수 있어야 된다고 생각해. ​오늘 랜선 여행은 도쿄 숨겨진 야경 명소 • 카렛타 시오도메 무료 전망대(カレッタ汐留 展望台) 영상을 준비했어~!! 요즘 도쿄에서 가장 핫 한 지역을 들자면 바로 시오도메 시오 사이트(汐留シオサイト)가 아닌가 싶어~* 시오도메 화물역 부지를 도쿄도가 재개발하여 다수의 고층 오피스 빌딩과 호텔 그리고 쇼핑몰 등을 지하와 육교로 연결해 하나의 복합도시라 할 수 있어~*​여러 빌딩 중 하나인 카렛타 시오도메(カレッタ汐留)는덴츠빌딩(48층, 높이 213m)의 도시형 복합 상업 시설로 광고 박물관(애드 뮤지엄 도쿄)를 비롯해 60여 개의 레스토랑과 다양한 상점들이 즐비해 있다고 해~* photohito.com특히나 최상층에 위치한 46층과 47층의 스카이 레스토랑에서 바라보는 도쿄의 스카이 뷰(SKY VIEW)는 최고의 데이트 장도로도 알려져 있어~*물론 가격은 사악하겠지만 로맨틱한 분위기로 사랑하는 연인의 마음을 사로잡기에는 최적의 장소가 아닐까 싶은데 ... ㅎㅎ​다만 여기서 말하는 무료 전망대는 46층과 47층 레스토랑을 잇는 계단 근처에 작은 전망대(200m)를 말해~* 커다란 창문 5개가 이어진 아주 작고 심플한 공간이지만 오다이바의 레인보우 브릿지 야경과 주변 고층건물의 화려한 모습들을 볼 수 있는 곳이기도 해~* smartparty.jp사실 무료 전망대라고 해서 패키지 코스로 만들면 좋겠다 싶어 조사해 본 건데 전망대라고 하기에는 다소 협소한 공간이라 힘들 것 같기는 해~* 다만 개인적으로 시오도메 시오 사이트(汐留シオサイト)를 방문했을 때 잠깐 들러서 아름다운 도쿄 야경을 둘러보고 사진 정도 찍으면 좋겠다 싶어~ㅋ​아울러 카렛타 시오도메(カレッタ汐留)는 매년 윈터 일루미네이션(11월~2월)으로도 유명한데 이것은 차후에 별도로 소개할까 싶어~* 지난겨울 일루미네이션을 봤는데 환상 그 자체더라구~ㅋ 기대해도 좋아^^""​금방이라도 추운 겨울이 찾아올 것만 같았는데 이 번 한 주는 다소 온화한 날씨가 계속될 예정이라고 해~* 오늘 하루도 따뜻한 가을 햇살을 반기며 즐겁게 시작해 보자구~!! 당신의 하루를 난짱이 응원합니다 ^^"" TAKAHIRO Vlog  일본 〒105-0021 Tokyo, Minato City, Higashishinbashi, 1-chōme−8−１ カレッタ汐留 46F 無料展望スペース일본 〒105-0021 Tokyo, Minato City, Higashishinbashi, 1-chōme−8−１ カレッタ汐留 46F 無料展望スペース ","[9, 8, 3, 0, 2, 4]","0.9928386807441711,"
22,11월14일 ( 도쿄 맑음 ) 도쿄 근교 유원지 요미우리랜드... ,https://blog.naver.com/fashionkim76?Redirect=Log&logNo=222567949334,3일 전,오늘은 👶 기다리는 요미우리랜드 ( 🎡 유원지 ) 遊園地よみうりランド遊園地よみうりランドのオフィシャルサイトです。様々なアトラクションのほか、夏はプール、冬はイルミネーションなど、子供から大人まで一年中楽...www.yomiuriland.com늦잠 충전에 잠은 어느정도 해결했고 오늘은 산들 산들 늦은 가을 바람도 느끼고 일 생각도 잊어버리고 한주를 마무리 하자..출발 🚓 안전벨트 하고 간다.ㅁㅁㅁㅁㅁ 출발 ㅁㅁㅁㅁㅁ도쿄에서 자동차로 대략 한시간 거리 요미우리랜드약간 바람은 있지만 ☀️코로나 접종 증명서 지참하고 모두 입장 🎡🎡우선 👶 놀이기구부터 시작그놈에 자동차는 왜 그리 이름을 부르는지 😅👩‍👦🎡 기구 기차 놀이 어디서 봤다고 비슷하게 행동하는 👶엄마 청룡열차 인가 뭔가 타러가고같이 셀카 좀 찍을려고 하니 아이스크림에 정신이 @난 놀이기구는 별로 좋아하지 않는다. ..원가 생각하면 안되지만가격이 😅 1000엔부터 - 3000엔 풍선이 @@@@.제발 싼걸로 가자 풍선 의미 없다.다행이도 앙팡맨 1000엔 짜리 풍선으로 당첨 오늘은 👶 날오늘은 엄마랑 같이 즐기는 하루 3-4세 체험 가능한 놀이기구는도쿄 디즈니랜드 보다 많은 느낌 야경이 🎇🎇🎇🎇🎇저질 체력이 방전되고 의자만 보면 휴식 김군은 의자 놀이산 정상 놀이기구 ( 느낌 있네~~~~) ㅁㅁㅁㅁㅁㅁ기차 놀이 분수 쇼 보고 집으로 가자.불 + 물 + 물방울 + 음악요미우리랜드 분수쇼 🎪 나름 멋진데 👍일루미네이션 이쁘다.현조한 현대 시설이 놀이 유원지는 아니지만일루미네이션 만큼은 인정 17시부턴 큰 유원지 잔체가 모두 일루미네이션 덕분에 눈 호강하고 울 가족은 집으로 복귀 👶 담엔 도쿄 디즈니랜드 일정을 ,"[0, 0, 0, 0, 0, 0]","0.5997361540794373,"
23,"무오키 at 청담 (+롤린우드, 도쿄스위츠)",https://blog.naver.com/lyceenne?Redirect=Log&logNo=222556496353,2021.11.02.,아 얘들아 내가 아직 얘길 안했지 아이폰13 샀다고...(출시때 직구함)(미니 스타라이트컬러 샀음)아직 새폰으로 찍은 사진 업로드를 한 적이 없는 것 같은데 이건 쌔폰으로 찍은거야 아무튼 10월 초에는 무오키를 갔었다나는 예약보다 조금 일찍 이 동네에 가서 빵집을 들러봤는데... 롤린우드는 생긴 건 그럴듯하지만 컵케이크는 그냥 그렇고 도넛은 별로였다도쿄스위츠도 들렀다 지하? 로 내려가야 되는데 입구쪽엔 꽃집 있고 공간 공유하고 있어서 잠시당황함...여기는 근처라면 들러볼만한 느낌무오키~~무오키 1층이 참 거울 전신 찍기에 좋아요 전에 소희도 여기서 찍어서 인스타스토리에 올려서 괜히 반가웠음오 오늘은 갑자기 룸으로 안내됐어(미리 요청한 것 아님)와보니 좋네 뷰가좋아 독립된 느낌도 좋고샴페인부터오랜만에 갔더니 메뉴에 이것저것 변동이 있었다 아보카도 타르트! 초당옥수수!당연 맛있음가스파쵸에는 파인애플 참외피클 토마토(물론)등이 들어갔고 부라타 추가는 옵션인데 하는 게 아무래도 좋은 느낌한치 도미 시소이 미네랄리티 넘치는 와인과의 매칭도 또 만나니 반갑네슈마이 모양으로 빚은 라비올리에는 랍스터와 홍합과 위에 초리조가 올라갔다 초리조가 있어서 확실히 포인트가 되는 맛이었지우설 혹은 무오키에그 선택인데 나는 우설을 함 엄청나게 부드러웠다ㅋㅋㅋㅋ중간 부분 우설을 일주일 정도 소금물에 절였다고버번 위스키 주를 곁들인언제나 맛있는 무오키 에그게살리조또 여기서는 처음 먹어 보는데 아주 맛있었어레몬주스같은 산미의 리아스 와인과 함께 아주 잘어울려오늘의 가짜맥주 클렌저는 포멜로 시나몬 로즈메리 맛한우와 이베리코에 각각 매칭해준 와인인데 감상을 물으셔서 의외로 이베리코에 더 묵직한 걸 해주셨네요? 했더니 앗 사실은 원래 페어링 짜놓았던 와인이 다 떨어져서 좀더 좋은 와인으로 해주신 거라고... 미묘하게 베스트 매칭은 아니라고 생각했었는데 그랬다니 페어링이란 참 신비하다근데 와인 제취향이었어요 이베리코 당연 맛있고마지막 여름의 끝을 붙잡는 듯한 수박 디저트 슈는 피스타치오 맛디저트 페어링 아주 자신있게 내놓는다며 주셨다 라 스피네따가 이탈리아에서 가장 오래된 스파클링 하우스를 인수해서 만든 거래자신감만큼 아주 잘 어울리고 맛있었음!!오늘도 만족버터쿠키랑 얼그레이 가나슈로 마무리늘 좋다! 임프레션이 쉬고 모수 페어링이 애매한 지금 서울에서 가장 맘에 드는 페어링 신급의 스몰톡도 늘 즐거워,"[12, 5, 2, 0, 0, 0]","0.9965144991874695,"
24,"도쿄일상 | 기무라타쿠야 생일파티, 에비스, 시부야 죠시카이",https://blog.naver.com/bazi1?Redirect=Log&logNo=222569764599,어제,"남친보다 친구만나는날에 더 머리랑 화장을 공들여한다...왜냐..사진 오조억장 찍거든요. 새신을 신고 포쨕 ㅂㄷㅂㄷ 잘못가져왔다 미리 예약한 점심먹을 곳 이탈리아 요리집 미쳣다줜내 맛있었다 혜리의 첫 뇨끼 고기류도 진짜 맛있었다 그리고 첫 트러플!!냄새가 장난아니엿땅 글고 비쌋오 음식보고 놀람 글고 친구 생일이라 서프라이즈 탄죠비 플레이트 ><깜짝놀랐지 ? 내 표정이 너무 가증스럽다핑크 이솝 핸드크림도 선물 ><​ 전투적으로 먹음​너무 만족스럽고 코스파도 좋아서담엔 남자친구랑 가고싶다.남자친구가 너무너무 좋아할 맛이라서꼭 델꾸가야지 그리고 다들 검정머리가 이쁘대서 기분이 좋았다 ㅎ 홋또코히 그리고 걸어서 시부야로 갑니당 그냥 길걷다 사진찍었다. 시부야 가는 길 어딘가.. 왤케웃기냥ㅋ 오늘은 나혼자 스니커네 예전만큼 잘 안오는 시부야 그리고 낮인데 달이보인다 달이랑도 사진찍었다  파하항 그리고 온더코너에 가기로했다원래 가려던 카페가 가시키리로 빨리 영업을 종료햇다..ㅠㅠ 눈물 대기가 1팀있어서10?15분정도 대기하고 들어갔다.주말엔 90분 제한 레트로 느낌 사진찍어준대서 열심히 표정지음 ㅋㅋㅋㅋ 20살때 만난 아사히가 24살이라니시간이 너무 빠르다 미쳣옹 아이스크림이 완전 꾸덕하고 진했다 짱짱 다들 배가 엄청불렀지만 열심히먹었다 어색쓰 ㅎ.. 사진 너무 많다구요..?어쩔수가 없다구요.. 셀카보다 남이찍어주는게 잘나오는것같은 너김 그리고 파르코 아페세 구경 @@@ 말 너무마니해서 그리고 배불러서맥 홋또 사서 미야시타 파크에서 수다타임 리코gr3로 원격사진촬영 내 카메라로 보인다 탈리즈会 얻어걸린사진 아사히쨩 >< 자연스럽게 얻어걸림 대충 서로서로 얘기하다가 슬슬 집에가자구 가는데 여기서 한시간은 사진찍었쟈냐 ㅋㅋㅋㅋ 살짝 더듬이같지만,저 더듬이가 귀여워보이는건 나뿐인가유 ? ㅋㅋㅋㅋ​신나게 놀구, 키치죠지가서 오랜만에 남자친구 친구들이랑 다같이만났다.동거중인 2커플중에 1명은 벌써 결혼을 하고새로운 커플이 동거를 시작한다고 한다 .총3커플이 동거중.​일본은 동거에대해 개방적이라고 생각해서 부모 허락도없이 지들맘대로 같이살다 헤어지는줄 알았는데27~29살 나이라그런지 동거할때 모두 서로 부모님께 인사드리고 시작했다고한다.거의 상견례잖아? 그럴거면 결혼을하지 뭣하러 동거를..? 란 의문이 생겼다.이유가뭘까 ? ㅋㅋㅋ​내 기준 동거를 한다는건여자가 해주는 청소, 빨래, 밥은 얻어먹으면서 본격적으로 책임을 질 상황이 생기면 책임지고 싶지않다는 남자의 욕심과 경제적인 프라이버시(급료, 저축 기타등등) 를 오픈하지않고 결혼의 좋은점만 즐기면서 같이 사는것이 동거라고 생각하기때문에 나는 죽는일이있어도 동거를 할 생각이없다. 동거를 할빠에 결혼을한다. 이건 내가 남자친구한테도 말했다.​남자친구가있음에도 결혼하고싶다고 진지하게 생각해본적이없어서나 결혼할 수 있을까.ㅋㅋㅋㅋㅋㅋㅋㅋㅋ​그리고 얘기하는 주제가 결혼, 집 구입,  차 구입 이런얘기를 하니까 정말 다들 어른같았당남친 친구들은 다들 도쿄가 본가이니까 본인들이 살고있는집을 물려받거나 새로사서 세를 준다거나 이런얘기를 해서문화차이가 느껴졋다.. ㅋ 난 아직 마음은 어린이인데 나이먹는게 실감나는 하루였다.무리. ","[5, 0, 6, 0, 1, 0]","0.5208527445793152,"
25,도쿄맛집여행. 오모테산도의 분위기있는 야키니쿠 레스토랑... ,https://blog.naver.com/shoudai?Redirect=Log&logNo=222568856392,2일 전,"안녕하세요, 도쿄드라이브입니다. 이번 포스팅은 도쿄의 트렌디한 고급동네 오모테산도(表参道)에 위치한 고기집, 야키니쿠 세이라(焼肉青麗)의 이야기입니다. 한국과 마찬가지로 고깃집이라고 하면, 양적인 부분을 우선시할것인지, 혹은 분위기+퀄리티를 우선으로 할 것인지에 따라서 가게가 달라지는데요. 오늘 방문한 가게는 후자에 가까운 곳이지요.​오모테산도(表参道)는 걷다보면, 하라주쿠(原宿)와 아오야마(青山)로도 자연스럽게 이어지기때문에 산책하기 참 좋은 동네가 아닌가 싶네요. 오늘 방문한 곳은 하라주쿠보다는 아오야마쪽에 좀더 가까운 장소였습니다^^ 도쿄쇼핑여행. 시계쇼핑하기 좋은 긴자(銀座). 와코에서 만난 그랜드세이코와 브레게 마린, 글라슈테, 해리윈스턴 프로젝트Z13와 벨엔로스 BR05안녕하세요, 도쿄드라이브입니다. 긴자(銀座)는 쇼핑하기 참좋은 도쿄의 유명 관광스팟인데요. 다양한 명품...m.blog.naver.com  도쿄맛집여행.오모테산도의 분위기있는 야키니쿠 레스토랑야키니쿠 세이라(焼肉青麗)BMW Z4와 오메가 스피드마스터의 조합최근 자동차에서 시계로 조금 관심사가 이동한 도쿄드라이브입니다만... 제각각 매력이 있지만, 소유시에 딱히 유지비가 발생하지않고(세금+보험료+감가상각), 집에서도 착용가능한 시계가 좀더 실용적이라는 생각이 듭니다ㅎㅎ  어쨌든 맘에드는 시계를 한번씩 들여다보고, 착용하고 하다보면 텐션도 오르는 느낌이네요. 오모테산도힐즈의 주차장오모테산도(表参道)에 오면 주차요금이 살인적인 곳이 많고, 동네구석구석은 불편한 곳이 많아서 오모테산도 힐즈(表参道ヒルズ) 주차장을 자연스럽게 찾게 됩니다. 이 동네는 특히 주말이 되면 최대요금이 없어지기때문에, 생각없이 주차해놓으면 하루에 5만원도 넘게나올 수 있지요ㅎㅎ 쇼핑몰 자체는 크지않지만 구조가 참 재미있게 되어있고, 가게들도 삐까뻔쩍하기때문에 한번씩 구경오기 좋은 몰입니다. 게다가 위치가 좋아서, 이 건물을 거점으로 오모테산도 메인거리와 하라주쿠방면을 산책하기도 좋구요. 제가 좋아하는 Y-3도 입점된 곳이지요. 최근 이 주변에 로드샵들도 근사한 브랜드들이 많이 생겼습니다. 메인거리에서 가장 핫한 브랜드로는 위블로(Hublot)가 애플스토어 맞은편에 그랜드 오픈 준비중이지요. 오모테산도 애플스토어아오야마(青山) 방면으로 나와서, 조금만 걸으면 애플스토어가 나옵니다. 일본여행때에는 애플스토어를 뻔질나게 찾아다녔는데, 막상 도쿄에 살게되니 한번도 안가게 되네요. 애플스토어에서 구매하는 것보다는 가전양판점(빅카메라/요도바시카메라)나 통신사를 통해서 구매하는게 메리트가 높아서 그런것 같기도 합니다. 이 맞은편으로 건너가면 아오야마의 고급로드샵들이 나오기 시작하지요. 이 대로(시부야~오모테산도)에는 슈퍼카들도 많이 볼 수 있고, 근처에 슈퍼카들의 매장들도 많아서, 약간 강남 도산대로 느낌이 나기도 합니다.  디젤의 로드샵이나 카페들도 뭔가 핫한 느낌. 확실히 패셔너블한 젊은이들도 많이 보입니다. 점심시간까지 약간 시간이 남아서, 근처를 산책하기로 합니다. 아베다 스파가 크게 있길래 한번 들러봅니다. 화장품만 팔고 있지않고 각종 스파 서비스도 제공하고 있는 것이 특징. 니콜라이 버그만(Nicolai Bergmann)니콜라이 버그만(Nicolai Bergmann)이라는 플라워 카페도 있길래 한번 둘러봅니다. 이 가게는 롯폰기힐즈나 미츠코시 긴자에도 입점되어있는 유명한 플라워 브랜드이지요. 다만 그쪽에는 제품만 취급하고 있는 단순 판매점이었는데, 아오야마의 경우는 카페도 함께 설치되어 꽤 규모가 컸습니다. 내부에는 여성분들의 카페타임이 이어지는중. 카페뿐 아니라 다양한 플라워제품도 실제로 판매하고 있어서, 둘러보기 좋네요.  프리저드부터 생화까지 다양한 제품을 취급중. 기본적으로 가격은 꽤 비싼편입니다.(근데 보면 참 예쁘긴 예뻐요) 아오야마 거리에 참 잘어울리는 브랜드네요. 할로윈이 가까웠던 시기인탓인지, 호박장식이 있길래 기념사진을 하나 박고... 야키니쿠 세이라(焼肉青麗)계단을 하나 내려가 주변 거리에 비해서 지하1층같은 높이(Height)에 위치한 세이라. 오모테산도나 아오야마에는 이런식의 가게들도 꽤 많지요. 입구부터 꽤 담백하고 은밀한 느낌이 납니다ㅎㅎ 내부는 고급스러운 인테리어. 중정과 비슷한 느낌을 주는 이런 일본식 분재 인테리어 참 좋아합니다. 오메가 스피드마스터 x 태그호이어 아쿠아테라커플시계로 맞추기 위해서, 와이프용 스피드마스터 38mm를 추가로 구매했는데, 아직까지도 수령일만 기다리고 있는중ㅠ 최근 저희 한일부부가 함께 시계를 보러다니다보니, 와이프도 기계식 시계에 대한 지식이 꽤 많이 늘었네요. 어쨌든 관심사를 공유할 수 있다는 것은 참 좋은 일이라는 생각이 듭니다. 숯불이 들어옵니다. 뭔가 한국에서는 흔히있는 광경이지만, 일본에서는 흔히 보지못한 느낌입니다. 코스요리를 주문했는데, 식전 음료가 1잔 포함되어있어서 스파클링와인과 우롱차를 주문. 차갖고 나오면 참 편하긴한데, 어딜가도 술을 마시지 못하는게 참 아쉽네요. 그리고 꽤 정갈하게 준비된 식전 샐러드와 장조림같은 고기조림. 둘다 아주 신선하게 잘만들어진 느낌이 나서 만족도는 높았는데요, 장조림같은 고기요리는 조금 제 입맛에는 짠 느낌이었습니다.(밥이 필요한 느낌) 그리고 계란찜이 등장. 내부에는 새우같은 해산물이 포함되어있어서, 스프대신 속을 달래주는 좋은 메뉴라는 생각을 했습니다.  100%일본식이라기보다는 일부 한국식 야키니쿠의 장점들을 채용했는지, 청양고추같은 것들도 양념장과 함께 나오더라구요. 보통 이런 고급을 지향하는 야키니쿠집의 고기들은 기름기가 많기때문에, 이런 매콤한 맛도 같이 즐길 수 있는 소재들이 궁합이 맞네요. 맛좋은 고기 등장고기 2인분이 함께 등장. 세팅되어 나오는 형태도 참 예쁘고, 고기의 질도 훌륭해보입니다. 한점한점 살살 익혀서 먹습니다. 숯불의 화력이 세기때문에 고기가 금방익네요. 그리고 식사류는 라임이 둥둥띄워진 상콤한 냉면류. 한국의 냉면과는 약간은 다른 느낌이지만, 비슷한 계열의 맛입니다. 그리고 아이스크림 디저트로 식사코스는 완료. 커피와 티마무리로 커피와 티한잔으로 런치코스를 마쳤습니다. 따로 주차장은 없어서 차로 이동하기에는 메리트가 없지만, 오모테산도 역근처에서 깔끔하고 고기데이트하기에는 참 좋은 가게였습니다.(앱으로 싸게 예약해서 나름 가성비 좋았던듯) 평소에 밖에서 고기를 먹을때는, 약간 양위주의 고깃집만 찾아다녔는데, 가끔은 이런 곳도 한번씩 찾아서 들러봐야겠다는 생각을 하게되네요.​그러면 다음편에 계속해서 도쿄 오모테산도/아오야마의 이야기로 이어집니다. 항상 도쿄드라이브의 블로그에 방문해주셔서 감사합니다. ","[20, 8, 7, 0, 1, 1]","0.7779678702354431,"
26,【도쿄 숙박시설】 객실이 예술 작품으로 된 '파크 호텔 도쿄',https://blog.naver.com/gotokyo-kr?Redirect=Log&logNo=222568805440,2일 전,"아트를 좋아하시는 분이 놓치면 후회할 호텔을 소개해 드릴게요! ​   도쿄·신바시에 객실이 예술 작품으로 된 '파크 호텔 도쿄'가 있어요.  ​'일본의 미의식을 체감할 수 있는 시공간'을 콘셉트로특징은 32실의 호텔 공간이 하나의 작품으로 되어있는 '아티스트 룸'. ​  ​객실 벽면이 캔버스가 되어 일본 아티스트들의 개성 넘치는 작품이 그려져 있고,객실 외에 프런트, 로비, 객실 층의 복도 등에서도 아트 전시가 있답니다. 귀중한 작품을 감상하는 'ART 투어'도 있고요.​ 2017년 제3회 재팬 투어리즘 어워드에서 호텔 객실을 예술 공간으로 만들겠다는 선구적인 노력으로 '영역 우수상'을 수상했어요. 홈페이지에서 각 아트 룸을 확인할 수 있으니 예약 전에 체크해 보아요!  ​위치 : 신바시역 도보 7분​​https://parkhoteltokyo.com/ja/art-at-park-hotel-tokyo/artist-in-hotel/ (영어, 일본어)​ アーティストルーム | 【公式】パークホテル東京<p>パークホテル東京は、「日本の美意識が体感できる時空間」というコンセプトのもと、ホテル全体でアートを意識した空間づくりを進めています。<br /> その中で、アーティストが実際にホテルに滞在しながら、従来の客室を「アーティストルーム」へ改装するプロジェクトに取り組んでいます。今現在も尚、新たな作品が生まれ続けています。<br /> 壁紙には直接絵が描かれ、原画やオブジェが置かれた「アーティストルーム」では、アーティストの世界感を存分にお楽しみいただけます。</p>parkhoteltokyo.com  파크 호텔 도쿄의 자세한 내용은 여기로!https://www.gotokyo.org/kr/spot/147/index.html​ 파크 호텔 도쿄아트의 요소를 도입한 호화로운 도쿄 파크 호텔은 시오도메역에서 도보로 얼마 걸리지 않는 편리한 장소에 있습니다.www.gotokyo.org ​​무라카미 타카시 × 그랜드 하얏트 도쿄 협업 숙박 플랜 탄생!https://blog.naver.com/gotokyo-kr/222308689484​ 《도쿄 숙박시설》 세계 최초! 무라카미 타카시 × 그랜드 하얏트 도쿄 협업 숙박 플랜 탄생! 무라카미 타카시 플라워 갤러리 스테이그랜드 하얏트 도쿄에 무라카미 타카시씨의 '꽃'의 세계관을 재현하는 1실 한정의 묵을 수 있는 ...blog.naver.com ​​일본 문화가 모이는 컨셉 호텔 'THE KANZASHI TOKYO ASAKUSA'https://blog.naver.com/gotokyo-kr/222402496197​ 【도쿄 숙박시설】 게이샤와 인력거 등 일본 문화가 모이는 컨셉 호텔 'THE KANZASHI TOKYO ASAKUSA'도쿄의 대표적인 관광지 아사쿠사에 새로운 호텔이 문을 열었다고 합니다! 한번 구경하러 가 볼까요? 에도...blog.naver.com  이 밖의 도쿄여행에 관한 정보가 궁금하다면, GO TOKYO 도쿄관광 공식사이트http://www.gotokyo.org/kr/​​​ 도쿄 관광 공식 사이트GO TOKYO도쿄도 공식 관광 사이트. 도쿄 관광 루트, 관광 명소까지의 길안내, 도쿄를 만끽하는 방법, 숙박시설 검색 및 이벤트 정보 등 도쿄도 전역의 모든 관광 정보가 모여 있습니다. www.gotokyo.org ​​​​페이스북 페이지의 팔로우 & 좋아요!!많이 응원해 주세요~http://www.facebook.com/GoTokyo.kr/​ 궁금하신 점은 댓글/쪽지로 부탁드려요!이웃추가/댓글/쪽지 환영합니다 ^^​​​​ ","[4, 1, 2, 0, 0, 0]","0.8340530395507812,"
27,도쿄쇼핑여행. 오모테산도 힐즈 근처 이시다(ISHIDA)워치에서... ,https://blog.naver.com/shoudai?Redirect=Log&logNo=222569714219,어제,"안녕하세요, 도쿄드라이브입니다. 일본 도쿄에서 쇼핑하기 좋은 동네는 몇군데 있는데요, 긴자(銀座)는 조금 연령대가 있는 느낌이지만 오모테산도(表参道)/아오야마(青山)는 꽤 젊은 느낌이 나지요. 오모테산도 힐즈(表参道ヒルズ)를 중심으로 많은 브랜드의 로드샵들이 있는데요, 그중에서 다양한 시계를 점원들의 방해없이 자유롭게 보고싶다고한다면, 이시다 워치 오모테산도만한 곳이 없지요. 그러면 지난 야키니쿠집에 이어서 오모테산도힐즈 주변을 조금 살펴보기로 할까요^^ 도쿄맛집여행. 오모테산도의 분위기있는 고기집, 야키니쿠 세이라(焼肉青麗)안녕하세요, 도쿄드라이브입니다. 이번 포스팅은 도쿄의 트렌디한 고급동네 오모테산도(表参道)에 위치한 ...m.blog.naver.com  도쿄쇼핑여행. 오모테산도 힐즈 근처이시다(ISHIDA)워치에서한국에서는 볼 수 없는일본 시계 트렌드를 살펴보자메르세데스 마이바흐 GLS최근 일본에서 핫한 SUV라고 한다면, 신형 메르세데스 마이바흐 GLS입니다. 저도 직접타보았는데, 벤츠보다 한단계 고급스러운 디테일과 디자인이 느껴지더라구요. 소문으로는 1년정도 기다려야된다는 이야기가 있네요, 언제나 붐비는 애플스토어. 긴자에도 애플스토어가 있는데, 오모테산도 스토어가 더 큰 느낌이네요.  그리고 오모테산도힐즈 도착. 규모는 작지만 입점된 대부분의 가게들이 꽤 힙한 곳이지요. 해리윈스턴(Harry Winston)도 있길래 시계보러 잠시 들러보았는데, 긴자에 비해서 불친절한 느낌. 해리윈스턴은 브랜드 이미지나 상품들은 참 멋진데, 샵을 가보면 가볼수록 정이 점점 떨어지는 브랜드라는 생각이 듭니다. 주얼리가 메인이다보니, 접객하는 분들도 그쪽에 특화되어 시계의 경우는 전문성도 떨어지는 느낌. 이시다 워치(ISHIDA WATCH)그리고 오모테산도힐즈의 바로 옆건물 랄프로렌 카페의 지하에 이사다워치가 있습니다. 도쿄드라이브도 이시다워치에서 시계를 꽤 샀지요.(지점은 다릅니다만) 이곳 오모테산도 지점은 사람들도 지나가다가 많이 구경하기도 하고, 가족단위로도 자유롭게 구경하기 좋아서 접근성이 매우 높은 느낌입니다. 고가의 세계유명브랜드뿐 아니라, G-SHOCK같이 인기있는 저가의 시계들도 많이 갖추고 있지요. 내부 공간은 꽤 넓게 다양한 브랜드들이 펼쳐져있고, 이날은 브라이틀링(BRIETLING)을 메인으로 내세우고 있었습니다. 브래드피트 형님이 참 멋지네요. IWC의 CEO를 영입하면서부터 꽤 많이 젋어지고 세련되어진 브랜드이지요. 항공시계답게 남성미가 돋보이는 크로노맷(Chronomat)시리즈. 오메가에는 역대 007에디션 모델을 전부 모아놓은 케이스가 전시되어있었습니다. 007팬이라면 정말 군침흘릴만 하겠네요! 오피치네 파네라이(OFFICINE PANARAI)옛날 어려운 시기에 방출했었지만, 언젠가는 다시 하나 구매하고싶은 파네라이입니다.(다만 다시산다면 금통으로 사고싶네요ㅎㅎ) 파네라이는 듀에(DUE)모델이 나오고나서 좀더 얄쌍해졌습니다. 프랭크뮬러부터 자케드로(JAQUET DROZ)까지일본시계 트렌드는 한국처럼 롤렉스/오데마피게 매니아들도 물론 많지만, 기본적으로 대세문화라기보다는 각자 기호에 맞게 다양한 브랜드를 즐기는 특성이 있습니다. 새롭게 나온 브랜드에 대해서도 꽤 거부감이 적고 구매율도 높기때문에, 스위스시계에게 중요한 마켓이기도 하지요. 시계라는 것은 결국 남들이 아닌 자신이 가장 많이 보게되는 것을 생각한다면, 개인의 기호에 맞게 맘에드는 디자인과 브랜드를 고르는게 가장 바람직하긴 하지요.  아 랑에 운트 죄네(A Lange & Sohne)요즘 랑에(Lange)는 인기가 많아지다보니, 인기모델들은 롤렉스처럼 매장에서 만나기 어려워졌습니다. 전시된 모델중에서는 (아마도 여성용으로 보이는) 리틀 랑에1이 제일 예쁘더라구요. 처음보면 다이얼구성이 특이하다보니, 이상하게 느껴지는 디자인이지만 시계애호가의 길로 들어서게되면, 이 독특한 배열이 매력적으로 느껴지는 브랜드입니다. 그리고 최근은 세계 3대 시계(파텍필립/바쉐론 콘스탄틴/오데마 피게)의 반열에도 도전하고 있는 5대 브랜드중 하나이기도 하지요. (이 브랜드는 글라슈테 오리지날과 더불어 독일태생입니다)  글라슈테 오리지널(Glashutte Original)랑에가 맘에 드는데 가격대가 너무 부담되면, 랑에의 동생이라고 불리우는 글라슈테 오리지널(Glashutte Original)도 대안책이 됩니다. 다만 랑에보다 저렴할뿐 가격자체는 굉장히 비싼 고급브랜드입니다.  쇼파드(Chopard) 알파인이글보석으로도 유명한 브랜드인 쇼파드(Chopard)는 최근 알파인 이글(Alpine Eagle)이라는 모델로 인기몰이를 하고 있습니다. 생각보다 고가의 모델인데도, Large사이즈(좌측)은 매장에서 찾아보기 힘들정도이지요. 크로노그래프(우측)의 모델도 청판은 실제로 보기 힘든 느낌. 쿠스토스(CVSTOS)아직 일본에서도 정식매장은 없지만, 고급백화점 시계코너나 시계부띠끄 등에서 만나볼 수 있는 쿠스토스(CVSTOS). 해양스포츠 계열의 시계를 스켈레톤 구조로 만드는 브랜드인데요. 프랭크뮬러CEO의 아들이 만든 브랜드이다보니, 프랭크뮬러의 제품과 꽤 닮아있습니다. 도쿄드라이브는 쿠스토스중에 블루/화이트/골드 조합의 씨라이너(SEA-LINER)라는 모델이 제일 맘에 들더라구요. 한국에서는 아예 취급하고 있지않아서, 극히 일부의 시계애호가밖에 모르는 브랜드입니다만... 실제로보면 특이하고 아름다운 구조와 소재로 인해서, 굉장한 시계로 보이는 모델입니다. (실제로 가격도 150~300만엔 정도의 가격대를 형성하고 있지요) ​한국 커뮤니티에서보는 것보다 일본시장은 더 많은 시계와 브랜드들이 취급되고있어서, 브랜드 공부의 관점에서도 좋은 여행포인트가 되지않나 싶습니다. 제품들을 담고 있는 건물이나 가게같은 하드웨어에 비해, 컨텐츠가 알차게 느껴지지요. 이런 것이 소프트파워의 힘이 아닌가 싶네요. 그랜드세이코(Grand Seiko)도쿄드라이브가 좋아하는 그랜드세이코(Grand Seiko)도 많이 보입니다. 드레스워치의 정갈함과 완성도에서 정평이 나있는 브랜드이지만, 다이버워치도 꽤 유명하지요. 특히 플래그쉽 모델인 자작나무(白樺) 모델은 제네바 시계그랑프리에서 올해의 멘즈워치(Men's Watch Prize)부문의 상을 수상하기도 했지요.  그리고 귀여운 G-SHOCK캐릭터를 지나게되면, G-SHOCK지샥만의 코너도 잘 마련되어있습니다. 사실 일본시계는 카시오 지샥으로 대표되는 저가 스포츠시계들이 참 매력적이긴 합니다. 이 마켓에는 적수가 없다시피할 정도이지요. 최초기획 '떨어뜨려도 부서지지 않는 튼튼한 시계(落としても壊れない丈夫な時計)'라고 한 줄로 써서 제출한 약간 장난스럽게 시작되었는데, 그것이 채택되면서 말도안되는 내구성을 가진 인기상품으로 탄생할 수 있었지요.  시중에서 흔히 만날 수 있는 제품은 물론, 한정판 제품들도 많이 볼 수 있었습니다. 이때는 아마 벨앤로스 페어를 하고 있었던듯 하네요. 보통 워치페어기간때 구매하면, 일본에서는 노벨티(관련브랜드의 사은품)을 더 많이 챙겨줍니다. 오데마피게의 디자이너가 나와서 만들었다는 고릴라(Gorilla) 워치. 시계 자체만을 놓고보면 꽤 멋지고, 실제로 인기있는 모델들은 빠르게 완판되더라구요. 다만 브랜드 이름이 고릴라인 것이 좀 걸립니다ㅎㅎ 코럼(CORUM)이라는 브랜드도 백화점 등지에서 찾아볼 수 있는 시계. 가격대도 은근히 비싼편. 지라드 페리고(GIRARD-PERREGAUX)지라드 페리고(GIRARD-PERREGAUX)도 한국에서는 비주류이지만, 일본에서는 꽤 자주 찾아볼 수 있는 브랜드입니다. 기본적으로 기술력과 역사면에서도 흠잡을데가 없고, 브랜드 등급도 높은(롤렉스 윗급) 브랜드이기때문에 가격도 만만치 않지요. 다만 마케팅에 집중하지 않아서 많이 알려지지 않은 브랜드이며, 사실 이런 브랜드들은 꽤 있습니다(율리스 나르덴 등). 로레아토(LAUREATO)라는 모델이 특히 유명하지요.​ ​ 톰포드(TOM FORD)요즘에 새롭게 눈에 띄는 브랜드는 톰포드인데요. 수트→선글라스→코스메틱으로 영역을 넓혀가던 디자이너 톰포드(TOM FORD)의 심플한 감성을 잘담아낸 시계였습니다. 기본적으로 패션워치의 고가영역(20~30만엔대)을 넘보는 것 같은데, 타겟층으로는 에르메스/샤넬 시계를 사는 사람들을 노리고 있지않나하는 생각이 들었습니다.   심플하게 절제된 밸런스있는 디자인은, 샤넬의 보이프렌드 시계 등의 대안이 되지않을까 싶었습니다. 기계식시계를 선호하지않는 세련된 도시여성들에게 잘 어필될 수 있을지 기대되네요. 당연하지만 제니스(ZENITH)와 IWC도 있고...(물론 오메가도) 롤렉스/튜더만 없었습니다.(보통 이 브랜드들은 직영매장만 운영하는 경우가 많아서 그렇습니다) 프랭크뮬러(FRANCK MULLER)그리고 일본에서는 꽤 유명하고 알아주는 브랜드, 프랭크뮬러의 샵은 꽤 크게 있었습니다. 프랭크뮬러는 시계만이 아니라 조금 폭넓게 라이프스타일에 관련된 디자인제품도 제시하고 있어서, 늘 일정규모이상의 매장사이즈와 인테리어로 브랜드경험을 유지시키려는 느낌이 듭니다. 이러한 것들이, 시계만 특화되어있는 다른 고급브랜드보다 좀더 한발더 나아간 느낌을 주네요. 예전에 비해서는 인기가 많이 식었다고는 하지만, 실제로 제품들을 직접보고 손목에 올려보게되면, 왜 한 시대를 풍미했는지 알 수 있는 브랜드이지요. 이런식으로 공간 전체도 프랭크뮬러의 스타일로 만들어놓았네요. 식기류 등도 단순한 시계 애호가에게 어필하는 수준을 넘어선 좋은 느낌. 집인테리어로 해도 손색이 없을 것 같은 좋은 분위기. 어쨌든 제품은 많이 전시되어있어서 실물을 직접보기 참 좋은 매장이었습니다. 이왕 온김에 몇점 시착해보기로 합니다. 오모테산도 매장은 기본적으로 직원이 크게 터치하지않아서 자유롭고 편하게 볼 수 있지만, 언제든지 요청하면 응대도 잘해주네요. 뱅가드(Vanguard)라는 시리즈의 크레이지 아워즈(Crazy Hours)라는 모델인데요, 숫자가 보통의 시계와 다르게 배열되어있어서, 시간이 되면 시침이 점프해서 이동하는 특성을 가지고 있습니다.(실제로보면 깜짝 놀랍니다ㅎㅎ) 프랭크뮬러는 천재시계 제작자라고 불리운 만큼, 시계를 가지고 이런 다양한 시도를 많이 했더라구요. 이녀석은 크로노그래프 모델인데, 12시 방향에 프랭크뮬러의 로고가 각인되어있는게 참 멋지네요. 보통의 뱅가드 모델들은 이런 형태. 근데 자세히 살펴보면 우측의 모델의 경우 항해와 나침반을 컨셉트로 했기때문에 3시를 East로, 9시를 West로 표기해놓았습니다. 롱아일랜드라는 길쭉한 모델은, 여성들에게 인기가 많을 것 같은 느낌. 숫자들이 쭉쭉 늘어나있어서 클래식한 느낌을 줍니다. 이런식의 커플조합도 참 멋지지 않나 생각을 해봅니다. (우측모델은 금통이다보니 200만엔이 넘더라구요ㅠ)프랭크뮬러는 매장에서 보면 참 예쁘고, 응대도 가장 고급시계브랜드답게 좋은데... 문제는 병행시계가게들과 가격차이가 많이 나는 것이 아쉽습니다. 30~50%정도까지도 괴리가 있기때문에, 정식매장의 메리트가 많이 줄어드는 느낌이지요. (반대로 병행매장에서 맘에 드는 모델을 잘 구매하면, 꽤 이득인 브랜드이기도 합니다) 도쿄드라이브가 최근 시계에 관심이 높아진것도 자의가 아니라고 느껴지는 것이... 확실히 요즘 시계소비계층이 많이 늘어났다는 생각이 듭니다. 긴자에도 바쉐론 콘스탄틴 매장이 새롭게 추가로 들어서고 있고, 오모테산도힐즈의 맞은편에는 위블로(Hublot)가 새로 그랜드 오픈을 준비중에 있네요.  태그호이어(Tag Heuer) 오모테산도마지막으로 그냥 돌아가기 좀 아쉬워서 태그호이어의 로드샵도 구경하기로 합니다. 오모테산도 매장은 긴자의 2곳 매장에 이어 도쿄에서 가장 큰 규모의 샵이라고 보시면 될듯. 벽걸이 시계가 태그호어이 카레라로 되어있는게 재미있네요. 레이싱 워치하면 역시 태그호이어가 가장 먼저 생각납니다. 카레라 칼리버 스켈레톤모델은 금통은 약간 안어울리는 느낌. 그리고 태그호이어치고는 많이 비싼(150만엔대) 모델이다보니, 대안이 많이 보이게 됩니다. 태그호이어는 엔트리 럭셔리 정도의 포지션으로 20~70만엔대의 라인업이 가장 탄탄하고 매력도가 높은 느낌이에요. 아쿠아레이서 티타늄녹색컬러의 아쿠아레이서(티타늄)가 제일 맘에 들었습니다. 가볍고 전체적은 밸런스도 참으로 훌륭하네요. 근데 이 모델도 보통의 아쿠아레이서보다 좀 비싸서(1.5배~2배), 흔히 보이는 모델은 아니었습니다. 기본적으로 시계는 케이스가 티타늄, 혹은 세라믹, 골드 등으로 다른 소재를 사용하게되는 순간 가격은 점프하게 됩니다. 아쿠라레이서는 태그호이어의 스테디샐러이기도 해서, 디자인과 만듨새만큼은 완벽한 느낌이었네요. 오모테산도힐즈에는 한국의 추억 아이돌, 2PM 카페도 있습니다ㅎㅎ 이런걸 보면 참 한류의 입지가 많이 달라졌다는 생각이 드네요.그러면 오모테산도의 이야기는 이것으로 마치구요, 다음편에서 또 뵙지요^^ ","[37, 15, 16, 0, 3, 3]","0.9743465185165405,"
28,"[도쿄 워홀]D+301 또 우에노공원, 도쿄 구석구석 산책하기",https://blog.naver.com/dlawlals87?Redirect=Log&logNo=222571219244,4시간 전,오늘은 탈리즈 7-10시프트!끝나고 뭐할까 고민하다가이제 있을 시간도 얼마 안남았으니 부지런히 산책하기루​ 패미마 홍차휘낭시에 마쉬땅♡♡♡♡ 끝나도 아침 10시 최고 아닙닉과?근데 요즘 손님 넘 많아!!!^^하지만 다들 홋또커피만 마시니 용서하겠음 우에노 워프!우에노역도 오지게 커서 늘 올때마다 길 잃음ㅋㅋㅋㅋ 우에노 판다들 안뇽 우에노를 좋아한다기보단 우에노 공원을 좋아함.이 평화가 넘 좋아ㅠㅠㅠ가을단풍 완연할 때 또 와야지ㅠㅠ 그늘벤치에 앉아서 좀 쉬기도 하구!!우에노는 미술관도 여러개 있고박물관도 있고하루 종일 시간보내기 참 좋은 듯! 하늘 실화냐..멍하게 하늘 보며 또 뚜벅뚜벅 탈리즈가 보이길래 커피 포장도 해주구!오늘의 커피는 모카쟈바군요!우린 과테말라였는데! 오랜만에 노란 긴자선도 탔다..히히... 응 시부야ㅋ갈 곳 없으면 시부야 국룰임.시켜줘..시부야 명예 구민...... 할 건 없지만 오면 재밌단말야..... 오늘도 시부야에서만 만 보 걷깈ㅋㅋㅋㅋㅋㅋㅋㅋㅋ아~~~~~가기 싫다구요~~~~~~~~~ 일본 인상파 참 좋아한다...나두 인상파 참 조아해....이것도 가야겠네...... 키치죠지로 넘어와서 장보고 집 넘어가는 길 달이 구름 사이로 빼꼼..♡오늘 같은 날은 파란달 들으면서 귀가해주기!히히<일본 색감>이라고 하면 특유의 그 청명한 하늘빛 파랑색이 아닐까.나에게도 역시 일본은 푸른 하늘과 쨍한 태양이었기에언제 다시 볼 지 모르는 이 맑은 하늘들 원없이 봐둬야지🥺 집에 와선 오트밀전 간단하게 해먹기 이거 검은깨두부인데 줜맛이다마루에츠에서 팔아요 제발 드셔보셈내일도 먹어야지.............​내일은 탈리즈 갔다가 시오리쨩이랑 시바코엔 가는날♡​#도쿄워홀 #도쿄워킹홀리데이 #일본워홀 #일본워킹홀리데이 ,"[9, 5, 0, 0, 1, 0]","0.9778672456741333,"
29,위드코로나 시대의 도쿄 긴자식스(GSIX)와 스타벅스 리저브,https://blog.naver.com/shoudai?Redirect=Log&logNo=222554220905,2021.10.31.,"안녕하세요, 도쿄드라이브입니다. 최근 도쿄는 긴급사태선언(緊急事態宣言)이 끝나고, 위드코로나 시대로 진입했습니다. 그동안 활기를 많이 잃었던 거리와 상점들에도 사람들이 많이 보이기 시작하네요. 특히 제가 자주 가는 도쿄 긴자(銀座)의 경우 확실히 분위기가 예전으로 돌아오고 있어서 반갑네요. 긴자식스(GSIX)의 경우, 외국인 관광객을 타겟으로 만든 백화점이라고 할 수 있는데, 그간 텅텅 비었던 것을 생각하면 앞으로 점점 구경하는 재미가 늘어나지 않을까 싶습니다. 도쿄여행. 도쿄미드타운 히비야 #2. 샹테몰과 테이코쿠호텔, 그리고 토호(TOHO)시네마 프리미엄 럭셔리 시트에서 007 NTTD관람안녕하세요, 도쿄드라이브입니다. 지난편에 이어서 도쿄미드타운 히비야(日比谷)의 이야기입니다. 도쿄미드...blog.naver.com  일본생활. 위드코로나 시대의도쿄 긴자식스(GSIX)와 스타벅스 리저브긴자의 거리에도 차들이 넘치기 시작하고, 최근에는 많이 보이지 않았던 슈퍼카의 행렬도 이어집니다. 람보르기니 아벤타도르도 다양한 컬러가 많이 있다는 것을 새삼 다시 느끼게 됩니다. GSIX의 스타벅스와 스타벅스 리저브(Reserve)이 날 들렀던 곳은 긴자식스의 츠타야서점(蔦屋書店). 서점의 중요한 공간에는 스타벅스와 스타벅스 리저브(Reserve)가 모두 설치되어있어서, 구매한 책을 보면서 시간을 보내거나, 사람 구경하기도 좋은곳. 긴자라고는 해도 이곳은 전체적으로 연령층도 젊은 느낌이 납니다. 귀여운 현지화 상품들. 이런 굿즈는 외국인들이보면 사고싶어지지 않을까 생각되네요. 평범한 텀블러도 스타벅스의 그린로고가 들어가는 순간 상품성이 높아지는 느낌. 조금 안쪽으로 들어가면 스타벅스 리저브가 있는데, 공간은 넓지않지만 꽤 예쁘고 아늑한 느낌이라 인기가 높지요. 평소에는 앉을 자리가 잘 없는 느낌입니다.  사이사이에도 독서실같은 공간과 상품이 융합된 공간이라 뭔가 꽉꽉찬 느낌입니다. 자연스럽게 체류하는 고객들에게 상품을 지속적으로 노출하는 느낌을 주네요. 그리고 반대로 구경하는 사람에게도, 사람으로 가득찬 상점의 착각을 심어주는 느낌입니다. 그냥 지나치기 쉬운 공간들도 한번 더 공급자의 관점에서 생각해보면, 다르기보일때가 많습니다. 여기도 앉을 자리는 없고... 다들 무슨 공부들을 하는지 분주한 느낌이네요ㅎㅎ 편의점등으로 전개되고 있는 상품의 광고도 깨알같이 보입니다. 생각보다 이런 POP의 디자인 완성도가 높아서, 보는 즐거움이 있었습니다. 겨울이 다가와도 스타벅스에서는 늘 찬음료만 마시게 되네요! 긴자(銀座)의 츠타야서점이곳의 츠타야서점은 다른 곳보다는 공예품과 미술품, 그리고 일본의 전통미가 가미된 상품들을 많이 취급하는 것이 특징. 다이칸야마(代官山) 츠타야와는 동네분위기가 틀리다보니 가게의 컨셉트도 다르게 잡아갑니다. 다만 가격적으로는 메리트가 전혀 없으니, 그냥 구경하는 것으로 만족하는 것이 좋습니다. 다만 가격에 탄력적이지 않고, 짧은 시간에 잘 편집된 퀄리티 좋은제품을 구매하고싶다는 고객층(외국인 부유층 등)에게는 꽤 매력적인 장소이지요. 일본도검류도 100~1000만엔대로 절찬판매중입니다. 이런 고가의 공예품도 볼 수 있습니다. 오리엔탈적인 고급스러움이 온몸으로 느껴지네요. 손님들이 늘었다고는 하지만, 여전히 한산한 긴자식스. 그랜드세이코(Grand Seiko) 살롱(Salon)그랜드세이코(Grand Seiko)의 살롱(Salon)이 입점되어있었습니다. 살롱의 경우 마스터숍(Master Shop)보다 한단계 높은 등급의 가게입니다. 일전에 그랜드세이코의 스토어는 3단계로 있다고 설명드린 적이 있는데... 요즘 그랜드세이코의 진성유저가 되면서 알게된것인데, 생각보다 등급이 더 세분화되어있었습니다. 총 5단계로 나눠져있었구요, 작은 차이이지만 취급하고 있는 모델이 약간씩 다른 정도입니다. 타트라스(TATRAS)겨울의류는 트렌드에 따라 유행하는 고가상품들이 계속 바뀌는 느낌입니다. 보통 한번 구매하면 몇시즌(몇년)을 입는 제품이라서, 동일한 상품을 착용하기보다, 다른 브랜드로 유행이 옮겨가는 경향이 짙은 것이 아닐까 싶습니다. 사실 관심이 많은 상품은 아니지만, 개인적으로는 노스페이스 - 캐나다구스 - 몽클레어 - 무스너클 - 타트라스(TATRAS)로 계속 바뀌어가는 느낌인데요. 결국 유행이 지나면 고급상품이라고해도, 힙한 느낌이 전혀없으니, 따뜻하고 기능성이 높은 안정적인 아웃도어 브랜드를 입는게 가성비가 높은 것 같네요. (타트라스도 이전 힙하지 않다고 느낀게, 저희 집앞의 쇼핑몰에도 요즘 저렴하게 팔고 있더라구요ㅎㅎ) 요즘 부쩍 힙한 아이템들이 많이 보이는 스텔라 맥커트니. 아디다스와 콜라보를 하면서 더욱 스포티한 제품들이 늘어나는 듯. 스타일리쉬하지만, 가볍고 편리한 스니커류도 많이 보이네요. 부직포를 활용한 재미있는 디자인의 가방. 잡화류도 하나하나 보다보면 꽤 기분전환이 됩니다. 긴자의 보행자천국(歩行者天国) 부활. 보행자천국이란 한국으로 따지면 '차없는 거리'이지요. 사자처럼 모자를 쓴 귀여운 견들도 보입니다. 처음에는 뒷모습만 보고 깜짝 놀랐네요. 위트가 넘치는 도쿄 긴자 거리입니다.그러면 계속해서 도쿄 긴자를 좀더 탐험해보기로 할까요^^ ","[28, 9, 11, 0, 1, 0]",0.996643066
